,0,1
0,164,https://www.athome.lu/en/buy/apartment/soleuvre/id-7688202.html
1,502,https://www.athome.lu/en/buy/apartment/belval/id-7707696.html
2,583,https://www.athome.lu/en/buy/apartment/bascharage/id-7710442.html
3,584,https://www.athome.lu/en/buy/house/lamadelaine/id-7710437.html
4,585,https://www.athome.lu/en/buy/house/schifflange/id-7710434.html
5,740,https://www.athome.lu/en/buy/apartment/ettelbruck/id-7662859.html
6,843,https://www.athome.lu/en/buy/house/esch-sur-alzette/id-7463492.html
7,888,https://www.athome.lu/en/buy/apartment/differdange/id-7715273.html
8,904,https://www.athome.lu/en/buy/apartment/schifflange/id-7718730.html
9,916,https://www.athome.lu/en/buy/house/petange/id-7718536.html
10,935,https://www.athome.lu/en/buy/apartment/luxembourg/id-7541545.html
11,1142,https://www.athome.lu/en/buy/apartment/luxembourg/id-7701542.html
12,1546,https://www.athome.lu/en/buy/house/dudelange/id-7717126.html
13,1590,https://www.athome.lu/en/buy/house/crauthem/id-7619044.html
14,2316,https://www.athome.lu/en/buy/house/hellange/id-7696122.html
15,2607,https://www.athome.lu/en/buy/house/hellange/id-7696121.html
16,2624,https://www.athome.lu/en/buy/apartment/steinsel/id-7691946.html
17,2631,https://www.athome.lu/en/buy/apartment/steinsel/id-7691945.html
18,2633,https://www.athome.lu/en/buy/apartment/steinsel/id-7691941.html
19,2634,https://www.athome.lu/en/buy/apartment/steinsel/id-7691943.html
20,2635,https://www.athome.lu/en/buy/apartment/steinsel/id-7691944.html
21,2637,https://www.athome.lu/en/buy/apartment/steinsel/id-7691942.html
22,2641,https://www.athome.lu/en/buy/apartment/steinsel/id-7691940.html
23,2646,https://www.athome.lu/en/buy/apartment/steinsel/id-7691943.html
24,2647,https://www.athome.lu/en/buy/apartment/steinsel/id-7691939.html
25,2648,https://www.athome.lu/en/buy/apartment/steinsel/id-7691941.html
26,2655,https://www.athome.lu/en/buy/apartment/steinsel/id-7691942.html
27,2656,https://www.athome.lu/en/buy/apartment/steinsel/id-7691944.html
28,2657,https://www.athome.lu/en/buy/apartment/steinsel/id-7691945.html
29,2658,https://www.athome.lu/en/buy/apartment/steinsel/id-7691946.html
30,2692,https://www.athome.lu/en/buy/house/mersch/id-7556592.html
31,2751,https://www.athome.lu/en/buy/apartment/luxembourg/id-7705965.html
32,3235,https://www.athome.lu/en/buy/apartment/luxembourg/id-7685222.html
33,3259,https://www.athome.lu/en/buy/apartment/ettelbruck/id-7662861.html
34,3281,https://www.athome.lu/en/buy/house/emerange/id-7660131.html
35,3300,https://www.athome.lu/en/buy/apartment/lamadelaine/id-7683112.html
36,3301,https://www.athome.lu/en/buy/apartment/lamadelaine/id-7683112.html
37,3315,https://www.athome.lu/en/buy/apartment/differdange/id-7592768.html
38,3379,https://www.athome.lu/en/buy/apartment/bertrange/id-7558674.html
39,3428,https://www.athome.lu/en/buy/house/esch-sur-alzette/id-7716050.html
40,3451,https://www.athome.lu/en/buy/house/garnich/id-7715124.html
41,3470,https://www.athome.lu/en/buy/house/junglinster/id-7713053.html
42,3616,https://www.athome.lu/en/buy/apartment/steinfort/id-7690343.html
43,3670,https://www.athome.lu/en/buy/apartment/schifflange/id-7571996.html
44,3695,https://www.athome.lu/en/buy/apartment/foetz/id-7676235.html
45,3730,https://www.athome.lu/en/buy/apartment/wormeldange/id-7715170.html
46,4118,https://www.athome.lu/en/buy/apartment/mamer/id-7517994.html
47,4119,https://www.athome.lu/en/buy/apartment/mamer/id-7517990.html
48,4211,https://www.athome.lu/en/buy/house/nothum/id-7547145.html
49,4411,https://www.athome.lu/en/buy/apartment/kehlen/id-7717028.html
50,4412,https://www.athome.lu/en/buy/apartment/kehlen/id-7717025.html
51,4481,https://www.athome.lu/en/buy/apartment/bertrange/id-7709738.html
52,4503,https://www.athome.lu/en/buy/apartment/remich/id-7671251.html
53,4504,https://www.athome.lu/en/buy/apartment/hesperange/id-7671236.html
54,4545,https://www.athome.lu/en/buy/apartment/bertrange/id-7705213.html
55,4555,https://www.athome.lu/en/buy/house/berchem/id-7646351.html
56,4605,https://www.athome.lu/en/buy/apartment/bertrange/id-7700299.html
57,4632,https://www.athome.lu/en/buy/apartment/luxembourg/id-7698540.html
58,4819,https://www.athome.lu/en/buy/house/differdange/id-7681559.html
59,4850,https://www.athome.lu/en/buy/apartment/kehlen/id-7677250.html
60,4864,https://www.athome.lu/en/buy/house/remich/id-7673007.html
61,4951,https://www.athome.lu/en/buy/house/ehlerange/id-7657144.html
62,5005,https://www.athome.lu/en/buy/house/emerange/id-7646423.html
63,5008,https://www.athome.lu/en/buy/apartment/kehlen/id-7645490.html
64,5018,https://www.athome.lu/en/buy/apartment/luxembourg/id-7358080.html
65,5128,https://www.athome.lu/en/buy/house/beckerich/id-7592719.html
66,5178,https://www.athome.lu/en/buy/apartment/esch-sur-alzette/id-7558310.html
67,5204,https://www.athome.lu/en/buy/house/bous/id-7536524.html
68,5367,https://www.athome.lu/en/buy/house/livange/id-7710319.html
69,5372,https://www.athome.lu/en/buy/apartment/dudelange/id-7708534.html
70,5425,https://www.athome.lu/en/buy/house/hagen/id-7673380.html
71,5461,https://www.athome.lu/en/buy/house/kayl/id-7649257.html
72,5578,https://www.athome.lu/en/buy/apartment/walferdange/id-7717877.html
73,5625,https://www.athome.lu/en/buy/apartment/mersch/id-7615505.html
74,5678,https://www.athome.lu/en/buy/apartment/belvaux/id-7717903.html
75,5699,https://www.athome.lu/en/buy/house/schifflange/id-7710445.html
76,5802,https://www.athome.lu/en/buy/apartment/oberkorn/id-7707730.html
77,5812,https://www.athome.lu/en/buy/apartment/soleuvre/id-7704788.html
78,5813,https://www.athome.lu/en/buy/apartment/niederkorn/id-7704770.html
79,5814,https://www.athome.lu/en/buy/house/hautcharage/id-7704739.html
80,5869,https://www.athome.lu/en/buy/apartment/petange/id-7695177.html
81,5977,https://www.athome.lu/en/buy/apartment/oberkorn/id-7713130.html
82,6010,https://www.athome.lu/en/buy/apartment/niederkorn/id-7700415.html
83,6045,https://www.athome.lu/en/buy/apartment/bous/id-7664386.html
84,6118,https://www.athome.lu/en/buy/house/hagen/id-7717861.html
85,6119,https://www.athome.lu/en/buy/house/hagen/id-7717860.html
86,6122,https://www.athome.lu/en/buy/house/steinfort/id-7717819.html
87,6123,https://www.athome.lu/en/buy/house/steinfort/id-7717817.html
88,6124,https://www.athome.lu/en/buy/house/hellange/id-7717814.html
89,6125,https://www.athome.lu/en/buy/apartment/hellange/id-7717813.html
90,6126,https://www.athome.lu/en/buy/apartment/hellange/id-7717811.html
91,6127,https://www.athome.lu/en/buy/apartment/hellange/id-7717807.html
92,6128,https://www.athome.lu/en/buy/apartment/hellange/id-7717803.html
93,6236,https://www.athome.lu/en/buy/apartment/sanem/id-7702904.html
94,6261,https://www.athome.lu/en/buy/apartment/ettelbruck/id-7662860.html
95,6268,https://www.athome.lu/en/buy/house/luxembourg/id-7705948.html
96,6269,https://www.athome.lu/en/buy/house/luxembourg/id-7705946.html
97,6392,https://www.athome.lu/en/buy/apartment/soleuvre/id-7688202.html
98,6518,https://www.athome.lu/en/buy/apartment/esch-sur-alzette/id-7614524.html
99,6702,https://www.athome.lu/en/buy/house/contern/id-7720836.html
100,6714,https://www.athome.lu/en/buy/house/gonderange/id-7718133.html
101,6733,https://www.athome.lu/en/buy/apartment/christnach/id-7715184.html
102,6734,https://www.athome.lu/en/buy/apartment/tetange/id-7715183.html
103,6735,https://www.athome.lu/en/buy/apartment/bech/id-7715164.html
104,6836,https://www.athome.lu/en/buy/house/roodt-sur-syre/id-7686722.html
105,6876,https://www.athome.lu/en/buy/apartment/luxembourg/id-7715032.html
106,6878,https://www.athome.lu/en/buy/apartment/luxembourg/id-7715031.html
107,6908,https://www.athome.lu/en/buy/house/eischen/id-7554139.html
108,7099,https://www.athome.lu/en/buy/apartment/junglinster/id-7642469.html
109,7129,https://www.athome.lu/en/buy/apartment/soleuvre/id-7718779.html
110,7132,https://www.athome.lu/en/buy/house/differdange/id-7718736.html
111,7162,https://www.athome.lu/en/buy/apartment/sanem/id-7718720.html
112,7174,https://www.athome.lu/en/buy/apartment/hesperange/id-7718522.html
113,7176,https://www.athome.lu/en/buy/apartment/hesperange/id-7718518.html
114,7177,https://www.athome.lu/en/buy/apartment/hesperange/id-7718516.html
115,7178,https://www.athome.lu/en/buy/apartment/hesperange/id-7718515.html
116,7179,https://www.athome.lu/en/buy/apartment/hesperange/id-7718514.html
117,7180,https://www.athome.lu/en/buy/apartment/hesperange/id-7718513.html
118,7362,https://www.athome.lu/en/buy/apartment/alzingen/id-7718071.html
119,7364,https://www.athome.lu/en/buy/apartment/esch-sur-alzette/id-7718055.html
120,7373,https://www.athome.lu/en/buy/apartment/hesperange/id-7718046.html
121,7376,https://www.athome.lu/en/buy/house/kayl/id-7718022.html
122,7378,https://www.athome.lu/en/buy/house/kayl/id-7718014.html
123,7569,https://www.athome.lu/en/buy/house/hoffelt/id-7715417.html
124,7572,https://www.athome.lu/en/buy/apartment/beaufort/id-7715410.html
125,7577,https://www.athome.lu/en/buy/apartment/mondorf-les-bains/id-7715936.html
126,7688,https://www.athome.lu/en/buy/house/consdorf/id-7715264.html
127,7689,https://www.athome.lu/en/buy/house/junglinster/id-7715227.html
128,7716,https://www.athome.lu/en/buy/apartment/mondorf-les-bains/id-7715135.html
129,7717,https://www.athome.lu/en/buy/apartment/greiveldange/id-7715133.html
130,7718,https://www.athome.lu/en/buy/apartment/greiveldange/id-7715132.html
131,7719,https://www.athome.lu/en/buy/apartment/greiveldange/id-7715131.html
132,7753,https://www.athome.lu/en/buy/house/reckange-mersch/id-7617117.html
133,7779,https://www.athome.lu/en/buy/house/petange/id-7529150.html
134,7854,https://www.athome.lu/en/buy/house/junglinster/id-7713057.html
135,7855,https://www.athome.lu/en/buy/house/junglinster/id-7713056.html
136,7856,https://www.athome.lu/en/buy/house/senningerberg/id-7713052.html
137,7857,https://www.athome.lu/en/buy/house/senningerberg/id-7713051.html
138,7928,https://www.athome.lu/en/buy/apartment/buschdorf/id-7711517.html
139,7932,https://www.athome.lu/en/buy/apartment/luxembourg/id-7711245.html
140,7933,https://www.athome.lu/en/buy/apartment/luxembourg/id-7711236.html
141,7934,https://www.athome.lu/en/buy/apartment/luxembourg/id-7711235.html
142,7935,https://www.athome.lu/en/buy/apartment/luxembourg/id-7711234.html
143,7937,https://www.athome.lu/en/buy/apartment/remich/id-7715160.html
144,8003,https://www.athome.lu/en/buy/apartment/kehlen/id-7675612.html
145,8012,https://www.athome.lu/en/buy/apartment/kehlen/id-7678565.html
146,8060,https://www.athome.lu/en/buy/apartment/sanem/id-7710038.html
147,8083,https://www.athome.lu/en/buy/apartment/howald/id-7708990.html
148,8084,https://www.athome.lu/en/buy/apartment/luxembourg/id-7709006.html
149,8095,https://www.athome.lu/en/buy/house/oberkorn/id-7705412.html
150,8167,https://www.athome.lu/en/buy/ground/wallendorf-pont/id-7708468.html
151,8263,https://www.athome.lu/en/buy/apartment/dudelange/id-7707218.html
152,8274,https://www.athome.lu/en/buy/apartment/howald/id-7706544.html
153,8323,https://www.athome.lu/en/buy/apartment/bereldange/id-7706238.html
154,8331,https://www.athome.lu/en/buy/house/differdange/id-7706219.html
155,8336,https://www.athome.lu/en/buy/house/kayl/id-7706197.html
156,8339,https://www.athome.lu/en/buy/apartment/bech-kleinmacher/id-7706173.html
157,8340,https://www.athome.lu/en/buy/house/schengen/id-7706172.html
158,8341,https://www.athome.lu/en/buy/apartment/schengen/id-7706168.html
159,8342,https://www.athome.lu/en/buy/house/bech-kleinmacher/id-7706167.html
160,8343,https://www.athome.lu/en/buy/apartment/bereldange/id-7706164.html
161,8349,https://www.athome.lu/en/buy/apartment/walferdange/id-7706155.html
162,8350,https://www.athome.lu/en/buy/house/consdorf/id-7706154.html
163,8351,https://www.athome.lu/en/buy/house/mondorf-les-bains/id-7706153.html
164,8352,https://www.athome.lu/en/buy/apartment/luxembourg/id-7706142.html
165,8353,https://www.athome.lu/en/buy/house/schifflange/id-7706125.html
166,8354,https://www.athome.lu/en/buy/apartment/schifflange/id-7706121.html
167,8355,https://www.athome.lu/en/buy/apartment/mersch/id-7706120.html
168,8356,https://www.athome.lu/en/buy/apartment/beringen-mersch/id-7706119.html
169,8357,https://www.athome.lu/en/buy/apartment/itzig/id-7706118.html
170,8358,https://www.athome.lu/en/buy/apartment/hesperange/id-7706076.html
171,8360,https://www.athome.lu/en/buy/apartment/munsbach/id-7706007.html
172,8365,https://www.athome.lu/en/buy/apartment/luxembourg/id-7690346.html
173,8367,https://www.athome.lu/en/buy/apartment/luxembourg/id-7647240.html
174,8404,https://www.athome.lu/en/buy/apartment/lallange/id-7705362.html
175,8413,https://www.athome.lu/en/buy/apartment/luxembourg/id-7705208.html
176,8447,https://www.athome.lu/en/buy/apartment/bereldange/id-7704837.html
177,8503,https://www.athome.lu/en/buy/apartment/bissen/id-7547828.html
178,8566,https://www.athome.lu/en/buy/apartment/strassen/id-7618515.html
179,8567,https://www.athome.lu/en/buy/apartment/strassen/id-7609568.html
180,8570,https://www.athome.lu/en/buy/apartment/strassen/id-7656673.html
181,8581,https://www.athome.lu/en/buy/apartment/strassen/id-7656673.html
182,8605,https://www.athome.lu/en/buy/apartment/clervaux/id-7675630.html
183,8614,https://www.athome.lu/en/buy/apartment/petange/id-7675638.html
184,8676,https://www.athome.lu/en/buy/house/wecker/id-7655424.html
185,8760,https://www.athome.lu/en/buy/apartment/petange/id-7701274.html
186,8764,https://www.athome.lu/en/buy/apartment/esch-sur-alzette/id-7715235.html
187,8776,https://www.athome.lu/en/buy/apartment/luxembourg/id-7700281.html
188,8816,https://www.athome.lu/en/buy/house/rodenbourg/id-7699168.html
189,8980,https://www.athome.lu/en/buy/house/bereldange/id-7697954.html
190,9165,https://www.athome.lu/en/buy/apartment/dudelange/id-7715159.html
191,9178,https://www.athome.lu/en/buy/ground/helmsange/id-7694154.html
192,9188,https://www.athome.lu/en/buy/house/elvange-schengen/id-7388494.html
193,9280,https://www.athome.lu/en/buy/house/rodenbourg/id-7693119.html
194,9284,https://www.athome.lu/en/buy/house/sanem/id-7643142.html
195,9340,https://www.athome.lu/en/buy/house/doennange/id-7692869.html
196,9347,https://www.athome.lu/en/buy/house/luxembourg/id-7692077.html
197,9371,https://www.athome.lu/en/buy/apartment/hesperange/id-7691005.html
198,9384,https://www.athome.lu/en/buy/apartment/petange/id-7707231.html
199,9396,https://www.athome.lu/en/buy/house/gonderange/id-7690086.html
200,9442,https://www.athome.lu/en/buy/apartment/boevange-sur-attert/id-7686998.html
201,9443,https://www.athome.lu/en/buy/apartment/boevange-sur-attert/id-7686997.html
202,9444,https://www.athome.lu/en/buy/apartment/boevange-sur-attert/id-7686996.html
203,9445,https://www.athome.lu/en/buy/house/differdange/id-7686711.html
204,9457,https://www.athome.lu/en/buy/house/rodenbourg/id-7686518.html
205,9508,https://www.athome.lu/en/buy/apartment/petange/id-7609395.html
206,9565,https://www.athome.lu/en/buy/apartment/esch-sur-alzette/id-7680690.html
207,9585,https://www.athome.lu/en/buy/house/oberkorn/id-7679581.html
208,9586,https://www.athome.lu/en/buy/house/pontpierre/id-7679579.html
209,9588,https://www.athome.lu/en/buy/house/bettembourg/id-7679562.html
210,9599,https://www.athome.lu/en/buy/apartment/luxembourg/id-7678367.html
211,9626,https://www.athome.lu/en/buy/apartment/luxembourg/id-7676985.html
212,9646,https://www.athome.lu/en/buy/house/trintange/id-7676178.html
213,9647,https://www.athome.lu/en/buy/house/contern/id-7676177.html
214,9700,https://www.athome.lu/en/buy/apartment/strassen/id-7646213.html
215,9903,https://www.athome.lu/en/buy/apartment/hagen/id-7665777.html
216,9952,https://www.athome.lu/en/buy/house/luxembourg/id-7658177.html
217,9963,https://www.athome.lu/en/buy/apartment/bettembourg/id-7656885.html
218,9967,https://www.athome.lu/en/buy/apartment/luxembourg/id-7715034.html
219,9982,https://www.athome.lu/en/buy/apartment/frisange/id-7654149.html
220,10002,https://www.athome.lu/en/buy/apartment/frisange/id-7654149.html
221,10022,https://www.athome.lu/en/buy/apartment/frisange/id-7654149.html
222,10045,https://www.athome.lu/en/buy/apartment/frisange/id-7654149.html
223,10065,https://www.athome.lu/en/buy/apartment/frisange/id-7654149.html
224,10085,https://www.athome.lu/en/buy/apartment/frisange/id-7654149.html
225,10105,https://www.athome.lu/en/buy/apartment/frisange/id-7654149.html
226,10125,https://www.athome.lu/en/buy/apartment/frisange/id-7654149.html
227,10145,https://www.athome.lu/en/buy/apartment/frisange/id-7654149.html
228,10165,https://www.athome.lu/en/buy/apartment/frisange/id-7654149.html
229,10185,https://www.athome.lu/en/buy/apartment/frisange/id-7654149.html
230,10205,https://www.athome.lu/en/buy/apartment/frisange/id-7654149.html
231,10225,https://www.athome.lu/en/buy/apartment/frisange/id-7654149.html
232,10245,https://www.athome.lu/en/buy/apartment/frisange/id-7654149.html
233,10265,https://www.athome.lu/en/buy/apartment/frisange/id-7654149.html
234,10285,https://www.athome.lu/en/buy/apartment/frisange/id-7654149.html
235,10305,https://www.athome.lu/en/buy/apartment/frisange/id-7654149.html
236,10325,https://www.athome.lu/en/buy/apartment/frisange/id-7654149.html
237,10345,https://www.athome.lu/en/buy/apartment/frisange/id-7654149.html
238,10365,https://www.athome.lu/en/buy/apartment/frisange/id-7654149.html
239,10385,https://www.athome.lu/en/buy/apartment/frisange/id-7654149.html
240,10405,https://www.athome.lu/en/buy/apartment/frisange/id-7654149.html
241,10523,https://www.athome.lu/en/buy/apartment/junglinster/id-7653378.html
242,10642,https://www.athome.lu/en/buy/apartment/frisange/id-7654149.html
243,10662,https://www.athome.lu/en/buy/apartment/frisange/id-7654149.html
244,10682,https://www.athome.lu/en/buy/apartment/frisange/id-7654149.html
245,10702,https://www.athome.lu/en/buy/apartment/frisange/id-7654149.html
246,10722,https://www.athome.lu/en/buy/apartment/frisange/id-7654149.html
247,10742,https://www.athome.lu/en/buy/apartment/frisange/id-7654149.html
248,10762,https://www.athome.lu/en/buy/apartment/frisange/id-7654149.html
249,10782,https://www.athome.lu/en/buy/apartment/frisange/id-7654149.html
250,10802,https://www.athome.lu/en/buy/apartment/frisange/id-7654149.html
251,10822,https://www.athome.lu/en/buy/apartment/frisange/id-7654149.html
252,10842,https://www.athome.lu/en/buy/apartment/frisange/id-7654149.html
253,10862,https://www.athome.lu/en/buy/apartment/frisange/id-7654149.html
254,10882,https://www.athome.lu/en/buy/apartment/frisange/id-7654149.html
255,10902,https://www.athome.lu/en/buy/apartment/frisange/id-7654149.html
256,10922,https://www.athome.lu/en/buy/apartment/frisange/id-7654149.html
257,10942,https://www.athome.lu/en/buy/apartment/frisange/id-7654149.html
258,10962,https://www.athome.lu/en/buy/apartment/frisange/id-7654149.html
259,10982,https://www.athome.lu/en/buy/apartment/frisange/id-7654149.html
260,11002,https://www.athome.lu/en/buy/apartment/frisange/id-7654149.html
261,11022,https://www.athome.lu/en/buy/apartment/frisange/id-7654149.html
262,11042,https://www.athome.lu/en/buy/apartment/frisange/id-7654149.html
263,11062,https://www.athome.lu/en/buy/apartment/frisange/id-7654149.html
264,11082,https://www.athome.lu/en/buy/apartment/frisange/id-7654149.html
265,11102,https://www.athome.lu/en/buy/apartment/frisange/id-7654149.html
266,11122,https://www.athome.lu/en/buy/apartment/frisange/id-7654149.html
267,11142,https://www.athome.lu/en/buy/apartment/frisange/id-7654149.html
268,11162,https://www.athome.lu/en/buy/apartment/frisange/id-7654149.html
269,11182,https://www.athome.lu/en/buy/apartment/frisange/id-7654149.html
270,11202,https://www.athome.lu/en/buy/apartment/frisange/id-7654149.html
271,11222,https://www.athome.lu/en/buy/apartment/frisange/id-7654149.html
272,11242,https://www.athome.lu/en/buy/apartment/frisange/id-7654149.html
273,11262,https://www.athome.lu/en/buy/apartment/frisange/id-7654149.html
274,11282,https://www.athome.lu/en/buy/apartment/frisange/id-7654149.html
275,11302,https://www.athome.lu/en/buy/apartment/frisange/id-7654149.html
276,11322,https://www.athome.lu/en/buy/apartment/frisange/id-7654149.html
277,11342,https://www.athome.lu/en/buy/apartment/frisange/id-7654149.html
278,11362,https://www.athome.lu/en/buy/apartment/frisange/id-7654149.html
279,11382,https://www.athome.lu/en/buy/apartment/frisange/id-7654149.html
280,11402,https://www.athome.lu/en/buy/apartment/frisange/id-7654149.html
281,11422,https://www.athome.lu/en/buy/apartment/frisange/id-7654149.html
282,11442,https://www.athome.lu/en/buy/apartment/frisange/id-7654149.html
283,11462,https://www.athome.lu/en/buy/apartment/frisange/id-7654149.html
284,11482,https://www.athome.lu/en/buy/apartment/frisange/id-7654149.html
285,11502,https://www.athome.lu/en/buy/apartment/frisange/id-7654149.html
286,11522,https://www.athome.lu/en/buy/apartment/frisange/id-7654149.html
287,11542,https://www.athome.lu/en/buy/apartment/frisange/id-7654149.html
288,11801,https://www.athome.lu/en/buy/apartment/frisange/id-7654149.html
289,11821,https://www.athome.lu/en/buy/apartment/frisange/id-7654149.html
290,11841,https://www.athome.lu/en/buy/apartment/frisange/id-7654149.html
291,11861,https://www.athome.lu/en/buy/apartment/frisange/id-7654149.html
292,11881,https://www.athome.lu/en/buy/apartment/frisange/id-7654149.html
293,11901,https://www.athome.lu/en/buy/apartment/frisange/id-7654149.html
294,11921,https://www.athome.lu/en/buy/apartment/frisange/id-7654149.html
295,11941,https://www.athome.lu/en/buy/apartment/frisange/id-7654149.html
296,11961,https://www.athome.lu/en/buy/apartment/frisange/id-7654149.html
297,11981,https://www.athome.lu/en/buy/apartment/frisange/id-7654149.html
298,12001,https://www.athome.lu/en/buy/apartment/frisange/id-7654149.html
299,12021,https://www.athome.lu/en/buy/apartment/frisange/id-7654149.html
300,12041,https://www.athome.lu/en/buy/apartment/frisange/id-7654149.html
301,12061,https://www.athome.lu/en/buy/apartment/frisange/id-7654149.html
