,links
0,https://www.immotop.lu/annonces/396805/
1,https://www.immotop.lu/annonces/486923/
2,https://www.immotop.lu/annonces/514401/
3,https://www.immotop.lu/annonces/457517/
4,https://www.immotop.lu/annonces/474291/
5,https://www.immotop.lu/annonces/323925/
6,https://www.immotop.lu/annonces/433111/
7,https://www.immotop.lu/annonces/511197/
8,https://www.immotop.lu/annonces/511297/
9,https://www.immotop.lu/annonces/475665/
10,https://www.immotop.lu/annonces/468785/
11,https://www.immotop.lu/annonces/146217/
12,https://www.immotop.lu/annonces/146231/
13,https://www.immotop.lu/annonces/69461/
14,https://www.immotop.lu/annonces/510389/
15,https://www.immotop.lu/annonces/509613/
16,https://www.immotop.lu/annonces/509623/
17,https://www.immotop.lu/annonces/509599/
18,https://www.immotop.lu/annonces/509615/
19,https://www.immotop.lu/annonces/509611/
20,https://www.immotop.lu/annonces/509621/
21,https://www.immotop.lu/annonces/509603/
22,https://www.immotop.lu/annonces/509625/
23,https://www.immotop.lu/annonces/510935/
24,https://www.immotop.lu/annonces/510943/
25,https://www.immotop.lu/annonces/510937/
26,https://www.immotop.lu/annonces/284877/
27,https://www.immotop.lu/annonces/500539/
28,https://www.immotop.lu/annonces/510709/
29,https://www.immotop.lu/annonces/69259/
30,https://www.immotop.lu/annonces/129297/
31,https://www.immotop.lu/annonces/283269/
32,https://www.immotop.lu/annonces/159365/
33,https://www.immotop.lu/annonces/510837/
34,https://www.immotop.lu/annonces/510841/
35,https://www.immotop.lu/annonces/510925/
36,https://www.immotop.lu/annonces/510927/
37,https://www.immotop.lu/annonces/510277/
38,https://www.immotop.lu/annonces/510931/
39,https://www.immotop.lu/annonces/511501/
40,https://www.immotop.lu/annonces/511509/
41,https://www.immotop.lu/annonces/511513/
42,https://www.immotop.lu/annonces/510979/
43,https://www.immotop.lu/annonces/510985/
44,https://www.immotop.lu/annonces/510667/
45,https://www.immotop.lu/annonces/510669/
46,https://www.immotop.lu/annonces/510665/
47,https://www.immotop.lu/annonces/510661/
48,https://www.immotop.lu/annonces/510651/
49,https://www.immotop.lu/annonces/510377/
50,https://www.immotop.lu/annonces/369663/
51,https://www.immotop.lu/annonces/500569/
52,https://www.immotop.lu/annonces/436211/
53,https://www.immotop.lu/annonces/86305/
54,https://www.immotop.lu/annonces/157631/
55,https://www.immotop.lu/annonces/174417/
56,https://www.immotop.lu/annonces/165795/
57,https://www.immotop.lu/annonces/335063/
58,https://www.immotop.lu/annonces/325469/
59,https://www.immotop.lu/annonces/363813/
60,https://www.immotop.lu/annonces/162067/
61,https://www.immotop.lu/annonces/509677/
62,https://www.immotop.lu/annonces/345123/
63,https://www.immotop.lu/annonces/509679/
64,https://www.immotop.lu/annonces/510633/
65,https://www.immotop.lu/annonces/158003/
66,https://www.immotop.lu/annonces/157959/
67,https://www.immotop.lu/annonces/490127/
68,https://www.immotop.lu/annonces/510779/
69,https://www.immotop.lu/annonces/166057/
70,https://www.immotop.lu/annonces/371175/
71,https://www.immotop.lu/annonces/222903/
72,https://www.immotop.lu/annonces/490115/
73,https://www.immotop.lu/annonces/70133/
74,https://www.immotop.lu/annonces/449095/
75,https://www.immotop.lu/annonces/510775/
76,https://www.immotop.lu/annonces/84597/
77,https://www.immotop.lu/annonces/211265/
78,https://www.immotop.lu/annonces/509963/
79,https://www.immotop.lu/annonces/501221/
80,https://www.immotop.lu/annonces/511041/
81,https://www.immotop.lu/annonces/511429/
82,https://www.immotop.lu/annonces/509473/
83,https://www.immotop.lu/annonces/69149/
84,https://www.immotop.lu/annonces/280699/
85,https://www.immotop.lu/annonces/69159/
86,https://www.immotop.lu/annonces/166667/
87,https://www.immotop.lu/annonces/486061/
88,https://www.immotop.lu/annonces/303649/
89,https://www.immotop.lu/annonces/509139/
90,https://www.immotop.lu/annonces/495097/
91,https://www.immotop.lu/annonces/491099/
92,https://www.immotop.lu/annonces/441857/
93,https://www.immotop.lu/annonces/516143/
94,https://www.immotop.lu/annonces/458071/
95,https://www.immotop.lu/annonces/498627/
96,https://www.immotop.lu/annonces/470125/
97,https://www.immotop.lu/annonces/495903/
98,https://www.immotop.lu/annonces/514409/
99,https://www.immotop.lu/annonces/500511/
100,https://www.immotop.lu/annonces/500651/
101,https://www.immotop.lu/annonces/476915/
102,https://www.immotop.lu/annonces/444053/
103,https://www.immotop.lu/annonces/463211/
104,https://www.immotop.lu/annonces/486191/
105,https://www.immotop.lu/annonces/486335/
106,https://www.immotop.lu/annonces/488695/
107,https://www.immotop.lu/annonces/347529/
108,https://www.immotop.lu/annonces/414317/
109,https://www.immotop.lu/annonces/502183/
110,https://www.immotop.lu/annonces/501055/
111,https://www.immotop.lu/annonces/426323/
112,https://www.immotop.lu/annonces/475045/
113,https://www.immotop.lu/annonces/439911/
114,https://www.immotop.lu/annonces/514839/
115,https://www.immotop.lu/annonces/481793/
116,https://www.immotop.lu/annonces/481801/
117,https://www.immotop.lu/annonces/512433/
118,https://www.immotop.lu/annonces/447445/
119,https://www.immotop.lu/annonces/308729/
120,https://www.immotop.lu/annonces/331191/
121,https://www.immotop.lu/annonces/516173/
122,https://www.immotop.lu/annonces/357433/
123,https://www.immotop.lu/annonces/347449/
124,https://www.immotop.lu/annonces/516089/
125,https://www.immotop.lu/annonces/7017/
126,https://www.immotop.lu/annonces/505401/
127,https://www.immotop.lu/annonces/383553/
128,https://www.immotop.lu/annonces/200797/
129,https://www.immotop.lu/annonces/218891/
130,https://www.immotop.lu/annonces/450377/
131,https://www.immotop.lu/annonces/287101/
132,https://www.immotop.lu/annonces/438439/
133,https://www.immotop.lu/annonces/451357/
134,https://www.immotop.lu/annonces/296753/
135,https://www.immotop.lu/annonces/462073/
136,https://www.immotop.lu/annonces/434355/
137,https://www.immotop.lu/annonces/396967/
138,https://www.immotop.lu/annonces/162445/
139,https://www.immotop.lu/annonces/495037/
140,https://www.immotop.lu/annonces/495081/
141,https://www.immotop.lu/annonces/474547/
142,https://www.immotop.lu/annonces/495087/
143,https://www.immotop.lu/annonces/469421/
144,https://www.immotop.lu/annonces/516135/
145,https://www.immotop.lu/annonces/482819/
146,https://www.immotop.lu/annonces/447763/
147,https://www.immotop.lu/annonces/474783/
148,https://www.immotop.lu/annonces/474849/
149,https://www.immotop.lu/annonces/488909/
150,https://www.immotop.lu/annonces/497723/
151,https://www.immotop.lu/annonces/474855/
152,https://www.immotop.lu/annonces/474817/
153,https://www.immotop.lu/annonces/474845/
154,https://www.immotop.lu/annonces/474793/
155,https://www.immotop.lu/annonces/110925/
156,https://www.immotop.lu/annonces/513143/
157,https://www.immotop.lu/annonces/411429/
158,https://www.immotop.lu/annonces/422735/
159,https://www.immotop.lu/annonces/465207/
160,https://www.immotop.lu/annonces/494193/
161,https://www.immotop.lu/annonces/515705/
162,https://www.immotop.lu/annonces/511399/
163,https://www.immotop.lu/annonces/165337/
164,https://www.immotop.lu/annonces/477375/
165,https://www.immotop.lu/annonces/444843/
166,https://www.immotop.lu/annonces/468779/
167,https://www.immotop.lu/annonces/449733/
168,https://www.immotop.lu/annonces/449293/
169,https://www.immotop.lu/annonces/485491/
170,https://www.immotop.lu/annonces/515279/
171,https://www.immotop.lu/annonces/482693/
172,https://www.immotop.lu/annonces/481943/
173,https://www.immotop.lu/annonces/482679/
174,https://www.immotop.lu/annonces/482667/
175,https://www.immotop.lu/annonces/482675/
176,https://www.immotop.lu/annonces/482671/
177,https://www.immotop.lu/annonces/482681/
178,https://www.immotop.lu/annonces/488975/
179,https://www.immotop.lu/annonces/491573/
180,https://www.immotop.lu/annonces/482695/
181,https://www.immotop.lu/annonces/514629/
182,https://www.immotop.lu/annonces/501003/
183,https://www.immotop.lu/annonces/501015/
184,https://www.immotop.lu/annonces/514759/
185,https://www.immotop.lu/annonces/514735/
186,https://www.immotop.lu/annonces/514737/
187,https://www.immotop.lu/annonces/514749/
188,https://www.immotop.lu/annonces/513155/
189,https://www.immotop.lu/annonces/513025/
190,https://www.immotop.lu/annonces/252495/
191,https://www.immotop.lu/annonces/106955/
192,https://www.immotop.lu/annonces/203183/
193,https://www.immotop.lu/annonces/107485/
194,https://www.immotop.lu/annonces/156649/
195,https://www.immotop.lu/annonces/198269/
196,https://www.immotop.lu/annonces/197715/
197,https://www.immotop.lu/annonces/500561/
198,https://www.immotop.lu/annonces/513629/
199,https://www.immotop.lu/annonces/196519/
200,https://www.immotop.lu/annonces/432117/
201,https://www.immotop.lu/annonces/447803/
202,https://www.immotop.lu/annonces/196733/
203,https://www.immotop.lu/annonces/196499/
204,https://www.immotop.lu/annonces/195131/
205,https://www.immotop.lu/annonces/194801/
206,https://www.immotop.lu/annonces/197329/
207,https://www.immotop.lu/annonces/195147/
208,https://www.immotop.lu/annonces/146545/
209,https://www.immotop.lu/annonces/240309/
210,https://www.immotop.lu/annonces/381129/
211,https://www.immotop.lu/annonces/425897/
212,https://www.immotop.lu/annonces/340325/
213,https://www.immotop.lu/annonces/395023/
214,https://www.immotop.lu/annonces/381131/
215,https://www.immotop.lu/annonces/305943/
216,https://www.immotop.lu/annonces/429463/
217,https://www.immotop.lu/annonces/337863/
218,https://www.immotop.lu/annonces/146597/
219,https://www.immotop.lu/annonces/272699/
220,https://www.immotop.lu/annonces/434639/
221,https://www.immotop.lu/annonces/340591/
222,https://www.immotop.lu/annonces/384767/
223,https://www.immotop.lu/annonces/514545/
224,https://www.immotop.lu/annonces/340359/
225,https://www.immotop.lu/annonces/340381/
226,https://www.immotop.lu/annonces/152587/
227,https://www.immotop.lu/annonces/163057/
228,https://www.immotop.lu/annonces/152509/
229,https://www.immotop.lu/annonces/152579/
230,https://www.immotop.lu/annonces/164383/
231,https://www.immotop.lu/annonces/166049/
232,https://www.immotop.lu/annonces/164549/
233,https://www.immotop.lu/annonces/451583/
234,https://www.immotop.lu/annonces/455917/
235,https://www.immotop.lu/annonces/454251/
236,https://www.immotop.lu/annonces/174323/
237,https://www.immotop.lu/annonces/422833/
238,https://www.immotop.lu/annonces/448799/
239,https://www.immotop.lu/annonces/437745/
240,https://www.immotop.lu/annonces/472203/
241,https://www.immotop.lu/annonces/514535/
242,https://www.immotop.lu/annonces/463313/
243,https://www.immotop.lu/annonces/456841/
244,https://www.immotop.lu/annonces/430041/
245,https://www.immotop.lu/annonces/513715/
246,https://www.immotop.lu/annonces/207681/
247,https://www.immotop.lu/annonces/192907/
248,https://www.immotop.lu/annonces/360303/
249,https://www.immotop.lu/annonces/454137/
250,https://www.immotop.lu/annonces/503921/
251,https://www.immotop.lu/annonces/499225/
252,https://www.immotop.lu/annonces/449079/
253,https://www.immotop.lu/annonces/305971/
254,https://www.immotop.lu/annonces/513719/
255,https://www.immotop.lu/annonces/515733/
256,https://www.immotop.lu/annonces/192721/
257,https://www.immotop.lu/annonces/241453/
258,https://www.immotop.lu/annonces/257411/
259,https://www.immotop.lu/annonces/210761/
260,https://www.immotop.lu/annonces/454289/
261,https://www.immotop.lu/annonces/455459/
262,https://www.immotop.lu/annonces/476005/
263,https://www.immotop.lu/annonces/486723/
264,https://www.immotop.lu/annonces/442391/
265,https://www.immotop.lu/annonces/276833/
266,https://www.immotop.lu/annonces/208337/
267,https://www.immotop.lu/annonces/254909/
268,https://www.immotop.lu/annonces/149699/
269,https://www.immotop.lu/annonces/240347/
270,https://www.immotop.lu/annonces/503953/
271,https://www.immotop.lu/annonces/167917/
272,https://www.immotop.lu/annonces/514541/
273,https://www.immotop.lu/annonces/195011/
274,https://www.immotop.lu/annonces/294919/
275,https://www.immotop.lu/annonces/497363/
276,https://www.immotop.lu/annonces/146265/
277,https://www.immotop.lu/annonces/507003/
278,https://www.immotop.lu/annonces/435667/
279,https://www.immotop.lu/annonces/279449/
280,https://www.immotop.lu/annonces/279443/
281,https://www.immotop.lu/annonces/405031/
282,https://www.immotop.lu/annonces/405159/
283,https://www.immotop.lu/annonces/279413/
284,https://www.immotop.lu/annonces/513133/
285,https://www.immotop.lu/annonces/174311/
286,https://www.immotop.lu/annonces/162675/
287,https://www.immotop.lu/annonces/393961/
288,https://www.immotop.lu/annonces/511403/
289,https://www.immotop.lu/annonces/395741/
290,https://www.immotop.lu/annonces/339287/
291,https://www.immotop.lu/annonces/460651/
292,https://www.immotop.lu/annonces/300091/
293,https://www.immotop.lu/annonces/152997/
294,https://www.immotop.lu/annonces/295821/
295,https://www.immotop.lu/annonces/177089/
296,https://www.immotop.lu/annonces/346987/
297,https://www.immotop.lu/annonces/464243/
298,https://www.immotop.lu/annonces/488853/
299,https://www.immotop.lu/annonces/511421/
300,https://www.immotop.lu/annonces/513437/
301,https://www.immotop.lu/annonces/513381/
302,https://www.immotop.lu/annonces/355183/
303,https://www.immotop.lu/annonces/414721/
304,https://www.immotop.lu/annonces/513289/
305,https://www.immotop.lu/annonces/482669/
306,https://www.immotop.lu/annonces/511369/
307,https://www.immotop.lu/annonces/435347/
308,https://www.immotop.lu/annonces/394865/
309,https://www.immotop.lu/annonces/513161/
310,https://www.immotop.lu/annonces/482585/
311,https://www.immotop.lu/annonces/513169/
312,https://www.immotop.lu/annonces/404253/
313,https://www.immotop.lu/annonces/497081/
314,https://www.immotop.lu/annonces/423767/
315,https://www.immotop.lu/annonces/460611/
316,https://www.immotop.lu/annonces/416259/
317,https://www.immotop.lu/annonces/469179/
318,https://www.immotop.lu/annonces/435605/
319,https://www.immotop.lu/annonces/416215/
320,https://www.immotop.lu/annonces/470397/
321,https://www.immotop.lu/annonces/482581/
322,https://www.immotop.lu/annonces/488789/
323,https://www.immotop.lu/annonces/464197/
324,https://www.immotop.lu/annonces/464437/
325,https://www.immotop.lu/annonces/360331/
326,https://www.immotop.lu/annonces/354517/
327,https://www.immotop.lu/annonces/458357/
328,https://www.immotop.lu/annonces/224993/
329,https://www.immotop.lu/annonces/339689/
330,https://www.immotop.lu/annonces/296509/
331,https://www.immotop.lu/annonces/293859/
332,https://www.immotop.lu/annonces/275459/
333,https://www.immotop.lu/annonces/425469/
334,https://www.immotop.lu/annonces/197107/
335,https://www.immotop.lu/annonces/165957/
336,https://www.immotop.lu/annonces/317169/
337,https://www.immotop.lu/annonces/222933/
338,https://www.immotop.lu/annonces/511259/
339,https://www.immotop.lu/annonces/511269/
340,https://www.immotop.lu/annonces/453447/
341,https://www.immotop.lu/annonces/486795/
342,https://www.immotop.lu/annonces/407719/
343,https://www.immotop.lu/annonces/451211/
344,https://www.immotop.lu/annonces/479117/
345,https://www.immotop.lu/annonces/241849/
346,https://www.immotop.lu/annonces/279969/
347,https://www.immotop.lu/annonces/177451/
348,https://www.immotop.lu/annonces/146517/
349,https://www.immotop.lu/annonces/404187/
350,https://www.immotop.lu/annonces/198395/
351,https://www.immotop.lu/annonces/197347/
352,https://www.immotop.lu/annonces/324055/
353,https://www.immotop.lu/annonces/146551/
354,https://www.immotop.lu/annonces/161169/
355,https://www.immotop.lu/annonces/324643/
356,https://www.immotop.lu/annonces/212009/
357,https://www.immotop.lu/annonces/196753/
358,https://www.immotop.lu/annonces/423779/
359,https://www.immotop.lu/annonces/242071/
360,https://www.immotop.lu/annonces/426465/
361,https://www.immotop.lu/annonces/370873/
362,https://www.immotop.lu/annonces/435173/
363,https://www.immotop.lu/annonces/218805/
364,https://www.immotop.lu/annonces/455439/
365,https://www.immotop.lu/annonces/196307/
366,https://www.immotop.lu/annonces/512933/
367,https://www.immotop.lu/annonces/490187/
368,https://www.immotop.lu/annonces/474725/
369,https://www.immotop.lu/annonces/197133/
370,https://www.immotop.lu/annonces/512827/
371,https://www.immotop.lu/annonces/427095/
372,https://www.immotop.lu/annonces/435357/
373,https://www.immotop.lu/annonces/298149/
374,https://www.immotop.lu/annonces/155223/
375,https://www.immotop.lu/annonces/149195/
376,https://www.immotop.lu/annonces/162075/
377,https://www.immotop.lu/annonces/194089/
378,https://www.immotop.lu/annonces/198003/
379,https://www.immotop.lu/annonces/162069/
380,https://www.immotop.lu/annonces/283209/
381,https://www.immotop.lu/annonces/283213/
382,https://www.immotop.lu/annonces/240735/
383,https://www.immotop.lu/annonces/392923/
384,https://www.immotop.lu/annonces/348907/
385,https://www.immotop.lu/annonces/444949/
386,https://www.immotop.lu/annonces/274839/
387,https://www.immotop.lu/annonces/369715/
388,https://www.immotop.lu/annonces/301983/
389,https://www.immotop.lu/annonces/370439/
390,https://www.immotop.lu/annonces/477253/
391,https://www.immotop.lu/annonces/382309/
392,https://www.immotop.lu/annonces/448733/
393,https://www.immotop.lu/annonces/329199/
394,https://www.immotop.lu/annonces/199521/
395,https://www.immotop.lu/annonces/494407/
396,https://www.immotop.lu/annonces/475623/
397,https://www.immotop.lu/annonces/407539/
398,https://www.immotop.lu/annonces/194529/
399,https://www.immotop.lu/annonces/457971/
400,https://www.immotop.lu/annonces/462085/
401,https://www.immotop.lu/annonces/462061/
402,https://www.immotop.lu/annonces/462065/
403,https://www.immotop.lu/annonces/462109/
404,https://www.immotop.lu/annonces/466123/
405,https://www.immotop.lu/annonces/464607/
406,https://www.immotop.lu/annonces/462235/
407,https://www.immotop.lu/annonces/461953/
408,https://www.immotop.lu/annonces/461963/
409,https://www.immotop.lu/annonces/466115/
410,https://www.immotop.lu/annonces/462909/
411,https://www.immotop.lu/annonces/462853/
412,https://www.immotop.lu/annonces/462903/
413,https://www.immotop.lu/annonces/461957/
414,https://www.immotop.lu/annonces/463137/
415,https://www.immotop.lu/annonces/464541/
416,https://www.immotop.lu/annonces/464549/
417,https://www.immotop.lu/annonces/463141/
418,https://www.immotop.lu/annonces/487821/
419,https://www.immotop.lu/annonces/487751/
420,https://www.immotop.lu/annonces/319605/
421,https://www.immotop.lu/annonces/497013/
422,https://www.immotop.lu/annonces/487833/
423,https://www.immotop.lu/annonces/319609/
424,https://www.immotop.lu/annonces/319493/
425,https://www.immotop.lu/annonces/440239/
426,https://www.immotop.lu/annonces/487767/
427,https://www.immotop.lu/annonces/487749/
428,https://www.immotop.lu/annonces/501317/
429,https://www.immotop.lu/annonces/335181/
430,https://www.immotop.lu/annonces/302325/
431,https://www.immotop.lu/annonces/446261/
432,https://www.immotop.lu/annonces/354909/
433,https://www.immotop.lu/annonces/421855/
434,https://www.immotop.lu/annonces/413477/
435,https://www.immotop.lu/annonces/482655/
436,https://www.immotop.lu/annonces/444441/
437,https://www.immotop.lu/annonces/355191/
438,https://www.immotop.lu/annonces/354875/
439,https://www.immotop.lu/annonces/444385/
440,https://www.immotop.lu/annonces/305305/
441,https://www.immotop.lu/annonces/305407/
442,https://www.immotop.lu/annonces/305491/
443,https://www.immotop.lu/annonces/305489/
444,https://www.immotop.lu/annonces/355167/
445,https://www.immotop.lu/annonces/471361/
446,https://www.immotop.lu/annonces/421849/
447,https://www.immotop.lu/annonces/452127/
448,https://www.immotop.lu/annonces/381007/
449,https://www.immotop.lu/annonces/426555/
450,https://www.immotop.lu/annonces/426551/
451,https://www.immotop.lu/annonces/426549/
452,https://www.immotop.lu/annonces/427981/
453,https://www.immotop.lu/annonces/410561/
454,https://www.immotop.lu/annonces/449691/
455,https://www.immotop.lu/annonces/485731/
456,https://www.immotop.lu/annonces/474093/
457,https://www.immotop.lu/annonces/475937/
458,https://www.immotop.lu/annonces/316387/
459,https://www.immotop.lu/annonces/414691/
460,https://www.immotop.lu/annonces/504079/
461,https://www.immotop.lu/annonces/470035/
462,https://www.immotop.lu/annonces/509063/
463,https://www.immotop.lu/annonces/147487/
464,https://www.immotop.lu/annonces/340397/
465,https://www.immotop.lu/annonces/512429/
466,https://www.immotop.lu/annonces/501235/
467,https://www.immotop.lu/annonces/435489/
468,https://www.immotop.lu/annonces/460711/
469,https://www.immotop.lu/annonces/493861/
470,https://www.immotop.lu/annonces/279415/
471,https://www.immotop.lu/annonces/458351/
472,https://www.immotop.lu/annonces/425271/
473,https://www.immotop.lu/annonces/318969/
474,https://www.immotop.lu/annonces/448881/
475,https://www.immotop.lu/annonces/448855/
476,https://www.immotop.lu/annonces/472929/
477,https://www.immotop.lu/annonces/472921/
478,https://www.immotop.lu/annonces/442805/
479,https://www.immotop.lu/annonces/494399/
480,https://www.immotop.lu/annonces/334917/
481,https://www.immotop.lu/annonces/497571/
482,https://www.immotop.lu/annonces/499149/
483,https://www.immotop.lu/annonces/329233/
484,https://www.immotop.lu/annonces/449115/
485,https://www.immotop.lu/annonces/487343/
486,https://www.immotop.lu/annonces/443395/
487,https://www.immotop.lu/annonces/350213/
488,https://www.immotop.lu/annonces/481731/
489,https://www.immotop.lu/annonces/477173/
490,https://www.immotop.lu/annonces/505399/
491,https://www.immotop.lu/annonces/147473/
492,https://www.immotop.lu/annonces/455923/
493,https://www.immotop.lu/annonces/252559/
494,https://www.immotop.lu/annonces/352607/
495,https://www.immotop.lu/annonces/279615/
496,https://www.immotop.lu/annonces/426517/
497,https://www.immotop.lu/annonces/501303/
498,https://www.immotop.lu/annonces/464445/
499,https://www.immotop.lu/annonces/448203/
500,https://www.immotop.lu/annonces/286893/
501,https://www.immotop.lu/annonces/446255/
502,https://www.immotop.lu/annonces/287291/
503,https://www.immotop.lu/annonces/434363/
504,https://www.immotop.lu/annonces/457587/
505,https://www.immotop.lu/annonces/79671/
506,https://www.immotop.lu/annonces/297747/
507,https://www.immotop.lu/annonces/100165/
508,https://www.immotop.lu/annonces/482221/
509,https://www.immotop.lu/annonces/446385/
510,https://www.immotop.lu/annonces/509641/
511,https://www.immotop.lu/annonces/421851/
512,https://www.immotop.lu/annonces/339655/
513,https://www.immotop.lu/annonces/509643/
514,https://www.immotop.lu/annonces/285279/
515,https://www.immotop.lu/annonces/394833/
516,https://www.immotop.lu/annonces/339727/
517,https://www.immotop.lu/annonces/501435/
518,https://www.immotop.lu/annonces/483827/
519,https://www.immotop.lu/annonces/427089/
520,https://www.immotop.lu/annonces/502271/
521,https://www.immotop.lu/annonces/496719/
522,https://www.immotop.lu/annonces/443393/
523,https://www.immotop.lu/annonces/478675/
524,https://www.immotop.lu/annonces/46209/
525,https://www.immotop.lu/annonces/466543/
526,https://www.immotop.lu/annonces/482789/
527,https://www.immotop.lu/annonces/404911/
528,https://www.immotop.lu/annonces/317879/
529,https://www.immotop.lu/annonces/469163/
530,https://www.immotop.lu/annonces/154415/
531,https://www.immotop.lu/annonces/161661/
532,https://www.immotop.lu/annonces/171057/
533,https://www.immotop.lu/annonces/447969/
534,https://www.immotop.lu/annonces/473393/
535,https://www.immotop.lu/annonces/500165/
536,https://www.immotop.lu/annonces/470199/
537,https://www.immotop.lu/annonces/287293/
538,https://www.immotop.lu/annonces/285199/
539,https://www.immotop.lu/annonces/287303/
540,https://www.immotop.lu/annonces/336019/
541,https://www.immotop.lu/annonces/334551/
542,https://www.immotop.lu/annonces/431349/
543,https://www.immotop.lu/annonces/461053/
544,https://www.immotop.lu/annonces/488677/
545,https://www.immotop.lu/annonces/510245/
546,https://www.immotop.lu/annonces/154085/
547,https://www.immotop.lu/annonces/252561/
548,https://www.immotop.lu/annonces/352591/
549,https://www.immotop.lu/annonces/504111/
550,https://www.immotop.lu/annonces/510953/
551,https://www.immotop.lu/annonces/211013/
552,https://www.immotop.lu/annonces/498999/
553,https://www.immotop.lu/annonces/511199/
554,https://www.immotop.lu/annonces/445011/
555,https://www.immotop.lu/annonces/394571/
556,https://www.immotop.lu/annonces/509155/
557,https://www.immotop.lu/annonces/177433/
558,https://www.immotop.lu/annonces/161563/
559,https://www.immotop.lu/annonces/275521/
560,https://www.immotop.lu/annonces/500219/
561,https://www.immotop.lu/annonces/460629/
562,https://www.immotop.lu/annonces/460625/
563,https://www.immotop.lu/annonces/460619/
564,https://www.immotop.lu/annonces/26855/
565,https://www.immotop.lu/annonces/340907/
566,https://www.immotop.lu/annonces/502067/
567,https://www.immotop.lu/annonces/102149/
568,https://www.immotop.lu/annonces/439079/
569,https://www.immotop.lu/annonces/500851/
570,https://www.immotop.lu/annonces/488697/
571,https://www.immotop.lu/annonces/490105/
572,https://www.immotop.lu/annonces/324171/
573,https://www.immotop.lu/annonces/378735/
574,https://www.immotop.lu/annonces/484901/
575,https://www.immotop.lu/annonces/484899/
576,https://www.immotop.lu/annonces/11629/
577,https://www.immotop.lu/annonces/245627/
578,https://www.immotop.lu/annonces/71041/
579,https://www.immotop.lu/annonces/89401/
580,https://www.immotop.lu/annonces/13559/
581,https://www.immotop.lu/annonces/9517/
582,https://www.immotop.lu/annonces/463225/
583,https://www.immotop.lu/annonces/370963/
584,https://www.immotop.lu/annonces/89909/
585,https://www.immotop.lu/annonces/486117/
586,https://www.immotop.lu/annonces/474541/
587,https://www.immotop.lu/annonces/496277/
588,https://www.immotop.lu/annonces/500259/
589,https://www.immotop.lu/annonces/435397/
590,https://www.immotop.lu/annonces/495153/
591,https://www.immotop.lu/annonces/207351/
592,https://www.immotop.lu/annonces/422631/
593,https://www.immotop.lu/annonces/482647/
594,https://www.immotop.lu/annonces/489565/
595,https://www.immotop.lu/annonces/200783/
596,https://www.immotop.lu/annonces/148693/
597,https://www.immotop.lu/annonces/337877/
598,https://www.immotop.lu/annonces/412935/
599,https://www.immotop.lu/annonces/212029/
600,https://www.immotop.lu/annonces/488639/
601,https://www.immotop.lu/annonces/450307/
602,https://www.immotop.lu/annonces/481709/
603,https://www.immotop.lu/annonces/476031/
604,https://www.immotop.lu/annonces/497585/
605,https://www.immotop.lu/annonces/338889/
606,https://www.immotop.lu/annonces/420807/
607,https://www.immotop.lu/annonces/457851/
608,https://www.immotop.lu/annonces/198123/
609,https://www.immotop.lu/annonces/193123/
610,https://www.immotop.lu/annonces/193095/
611,https://www.immotop.lu/annonces/195355/
612,https://www.immotop.lu/annonces/376989/
613,https://www.immotop.lu/annonces/371013/
614,https://www.immotop.lu/annonces/324333/
615,https://www.immotop.lu/annonces/194957/
616,https://www.immotop.lu/annonces/346181/
617,https://www.immotop.lu/annonces/241111/
618,https://www.immotop.lu/annonces/193225/
619,https://www.immotop.lu/annonces/292325/
620,https://www.immotop.lu/annonces/193193/
621,https://www.immotop.lu/annonces/200819/
622,https://www.immotop.lu/annonces/193157/
623,https://www.immotop.lu/annonces/242199/
624,https://www.immotop.lu/annonces/288065/
625,https://www.immotop.lu/annonces/242197/
626,https://www.immotop.lu/annonces/477255/
627,https://www.immotop.lu/annonces/425001/
628,https://www.immotop.lu/annonces/146091/
629,https://www.immotop.lu/annonces/454823/
630,https://www.immotop.lu/annonces/506995/
631,https://www.immotop.lu/annonces/502069/
632,https://www.immotop.lu/annonces/287307/
633,https://www.immotop.lu/annonces/336085/
634,https://www.immotop.lu/annonces/257377/
635,https://www.immotop.lu/annonces/221565/
636,https://www.immotop.lu/annonces/406701/
637,https://www.immotop.lu/annonces/216393/
638,https://www.immotop.lu/annonces/396525/
639,https://www.immotop.lu/annonces/323855/
640,https://www.immotop.lu/annonces/504537/
641,https://www.immotop.lu/annonces/374499/
642,https://www.immotop.lu/annonces/479347/
643,https://www.immotop.lu/annonces/307817/
644,https://www.immotop.lu/annonces/502199/
645,https://www.immotop.lu/annonces/501639/
646,https://www.immotop.lu/annonces/55895/
647,https://www.immotop.lu/annonces/316395/
648,https://www.immotop.lu/annonces/471005/
649,https://www.immotop.lu/annonces/365341/
650,https://www.immotop.lu/annonces/504083/
651,https://www.immotop.lu/annonces/424967/
652,https://www.immotop.lu/annonces/504471/
653,https://www.immotop.lu/annonces/383315/
654,https://www.immotop.lu/annonces/218981/
655,https://www.immotop.lu/annonces/473403/
656,https://www.immotop.lu/annonces/336591/
657,https://www.immotop.lu/annonces/383347/
658,https://www.immotop.lu/annonces/434749/
659,https://www.immotop.lu/annonces/434759/
660,https://www.immotop.lu/annonces/434763/
661,https://www.immotop.lu/annonces/434767/
662,https://www.immotop.lu/annonces/434765/
663,https://www.immotop.lu/annonces/497365/
664,https://www.immotop.lu/annonces/493967/
665,https://www.immotop.lu/annonces/468353/
666,https://www.immotop.lu/annonces/464593/
667,https://www.immotop.lu/annonces/503999/
668,https://www.immotop.lu/annonces/452479/
669,https://www.immotop.lu/annonces/499153/
670,https://www.immotop.lu/annonces/459793/
671,https://www.immotop.lu/annonces/449717/
672,https://www.immotop.lu/annonces/476035/
673,https://www.immotop.lu/annonces/459719/
674,https://www.immotop.lu/annonces/384391/
675,https://www.immotop.lu/annonces/502099/
676,https://www.immotop.lu/annonces/488795/
677,https://www.immotop.lu/annonces/198649/
678,https://www.immotop.lu/annonces/197155/
679,https://www.immotop.lu/annonces/195969/
680,https://www.immotop.lu/annonces/324663/
681,https://www.immotop.lu/annonces/195777/
682,https://www.immotop.lu/annonces/195321/
683,https://www.immotop.lu/annonces/197065/
684,https://www.immotop.lu/annonces/194123/
685,https://www.immotop.lu/annonces/204113/
686,https://www.immotop.lu/annonces/204093/
687,https://www.immotop.lu/annonces/241867/
688,https://www.immotop.lu/annonces/380275/
689,https://www.immotop.lu/annonces/451943/
690,https://www.immotop.lu/annonces/490393/
691,https://www.immotop.lu/annonces/345167/
692,https://www.immotop.lu/annonces/345157/
693,https://www.immotop.lu/annonces/197819/
694,https://www.immotop.lu/annonces/194875/
695,https://www.immotop.lu/annonces/196019/
696,https://www.immotop.lu/annonces/194873/
697,https://www.immotop.lu/annonces/196025/
698,https://www.immotop.lu/annonces/196017/
699,https://www.immotop.lu/annonces/196561/
700,https://www.immotop.lu/annonces/196509/
701,https://www.immotop.lu/annonces/502229/
702,https://www.immotop.lu/annonces/502227/
703,https://www.immotop.lu/annonces/502233/
704,https://www.immotop.lu/annonces/379645/
705,https://www.immotop.lu/annonces/403225/
706,https://www.immotop.lu/annonces/441527/
707,https://www.immotop.lu/annonces/334837/
708,https://www.immotop.lu/annonces/194671/
709,https://www.immotop.lu/annonces/223809/
710,https://www.immotop.lu/annonces/334651/
711,https://www.immotop.lu/annonces/290979/
712,https://www.immotop.lu/annonces/167217/
713,https://www.immotop.lu/annonces/427965/
714,https://www.immotop.lu/annonces/151989/
715,https://www.immotop.lu/annonces/456491/
716,https://www.immotop.lu/annonces/474063/
717,https://www.immotop.lu/annonces/501057/
718,https://www.immotop.lu/annonces/501049/
719,https://www.immotop.lu/annonces/488635/
720,https://www.immotop.lu/annonces/494947/
721,https://www.immotop.lu/annonces/295859/
722,https://www.immotop.lu/annonces/153347/
723,https://www.immotop.lu/annonces/450027/
724,https://www.immotop.lu/annonces/193143/
725,https://www.immotop.lu/annonces/295717/
726,https://www.immotop.lu/annonces/463331/
727,https://www.immotop.lu/annonces/293503/
728,https://www.immotop.lu/annonces/465213/
729,https://www.immotop.lu/annonces/353131/
730,https://www.immotop.lu/annonces/277643/
731,https://www.immotop.lu/annonces/460903/
732,https://www.immotop.lu/annonces/122891/
733,https://www.immotop.lu/annonces/486129/
734,https://www.immotop.lu/annonces/477083/
735,https://www.immotop.lu/annonces/502041/
736,https://www.immotop.lu/annonces/373853/
737,https://www.immotop.lu/annonces/378357/
738,https://www.immotop.lu/annonces/434797/
739,https://www.immotop.lu/annonces/501247/
740,https://www.immotop.lu/annonces/477383/
741,https://www.immotop.lu/annonces/482797/
742,https://www.immotop.lu/annonces/200795/
743,https://www.immotop.lu/annonces/488699/
744,https://www.immotop.lu/annonces/486349/
745,https://www.immotop.lu/annonces/490107/
746,https://www.immotop.lu/annonces/478661/
747,https://www.immotop.lu/annonces/365719/
748,https://www.immotop.lu/annonces/491749/
749,https://www.immotop.lu/annonces/331791/
750,https://www.immotop.lu/annonces/500361/
751,https://www.immotop.lu/annonces/483501/
752,https://www.immotop.lu/annonces/322297/
753,https://www.immotop.lu/annonces/319737/
754,https://www.immotop.lu/annonces/499213/
755,https://www.immotop.lu/annonces/499177/
756,https://www.immotop.lu/annonces/488661/
757,https://www.immotop.lu/annonces/104255/
758,https://www.immotop.lu/annonces/322313/
759,https://www.immotop.lu/annonces/452681/
760,https://www.immotop.lu/annonces/500167/
761,https://www.immotop.lu/annonces/495135/
762,https://www.immotop.lu/annonces/345303/
763,https://www.immotop.lu/annonces/426597/
764,https://www.immotop.lu/annonces/382223/
765,https://www.immotop.lu/annonces/338491/
766,https://www.immotop.lu/annonces/475935/
767,https://www.immotop.lu/annonces/499161/
768,https://www.immotop.lu/annonces/439417/
769,https://www.immotop.lu/annonces/196327/
770,https://www.immotop.lu/annonces/497617/
771,https://www.immotop.lu/annonces/422803/
772,https://www.immotop.lu/annonces/496315/
773,https://www.immotop.lu/annonces/464665/
774,https://www.immotop.lu/annonces/308043/
775,https://www.immotop.lu/annonces/156525/
776,https://www.immotop.lu/annonces/222853/
777,https://www.immotop.lu/annonces/112319/
778,https://www.immotop.lu/annonces/209771/
779,https://www.immotop.lu/annonces/484257/
780,https://www.immotop.lu/annonces/499007/
781,https://www.immotop.lu/annonces/476739/
782,https://www.immotop.lu/annonces/497591/
783,https://www.immotop.lu/annonces/195369/
784,https://www.immotop.lu/annonces/474901/
785,https://www.immotop.lu/annonces/469221/
786,https://www.immotop.lu/annonces/359299/
787,https://www.immotop.lu/annonces/483987/
788,https://www.immotop.lu/annonces/407715/
789,https://www.immotop.lu/annonces/441885/
790,https://www.immotop.lu/annonces/458301/
791,https://www.immotop.lu/annonces/343053/
792,https://www.immotop.lu/annonces/168005/
793,https://www.immotop.lu/annonces/449693/
794,https://www.immotop.lu/annonces/481353/
795,https://www.immotop.lu/annonces/381077/
796,https://www.immotop.lu/annonces/478663/
797,https://www.immotop.lu/annonces/482351/
798,https://www.immotop.lu/annonces/476355/
799,https://www.immotop.lu/annonces/486235/
800,https://www.immotop.lu/annonces/437425/
801,https://www.immotop.lu/annonces/441599/
802,https://www.immotop.lu/annonces/437613/
803,https://www.immotop.lu/annonces/439067/
804,https://www.immotop.lu/annonces/496435/
805,https://www.immotop.lu/annonces/496323/
806,https://www.immotop.lu/annonces/320077/
807,https://www.immotop.lu/annonces/412311/
808,https://www.immotop.lu/annonces/424093/
809,https://www.immotop.lu/annonces/354801/
810,https://www.immotop.lu/annonces/460923/
811,https://www.immotop.lu/annonces/363053/
812,https://www.immotop.lu/annonces/420687/
813,https://www.immotop.lu/annonces/445021/
814,https://www.immotop.lu/annonces/489059/
815,https://www.immotop.lu/annonces/494283/
816,https://www.immotop.lu/annonces/449205/
817,https://www.immotop.lu/annonces/194419/
818,https://www.immotop.lu/annonces/476961/
819,https://www.immotop.lu/annonces/433109/
820,https://www.immotop.lu/annonces/450301/
821,https://www.immotop.lu/annonces/477361/
822,https://www.immotop.lu/annonces/491075/
823,https://www.immotop.lu/annonces/489571/
824,https://www.immotop.lu/annonces/441767/
825,https://www.immotop.lu/annonces/377661/
826,https://www.immotop.lu/annonces/377657/
827,https://www.immotop.lu/annonces/313897/
828,https://www.immotop.lu/annonces/396907/
829,https://www.immotop.lu/annonces/489855/
830,https://www.immotop.lu/annonces/436389/
831,https://www.immotop.lu/annonces/489567/
832,https://www.immotop.lu/annonces/335481/
833,https://www.immotop.lu/annonces/483843/
834,https://www.immotop.lu/annonces/486393/
835,https://www.immotop.lu/annonces/487373/
836,https://www.immotop.lu/annonces/486853/
837,https://www.immotop.lu/annonces/481757/
838,https://www.immotop.lu/annonces/340395/
839,https://www.immotop.lu/annonces/345337/
840,https://www.immotop.lu/annonces/441981/
841,https://www.immotop.lu/annonces/469223/
842,https://www.immotop.lu/annonces/347769/
843,https://www.immotop.lu/annonces/484321/
844,https://www.immotop.lu/annonces/484203/
845,https://www.immotop.lu/annonces/483359/
846,https://www.immotop.lu/annonces/303883/
847,https://www.immotop.lu/annonces/193575/
848,https://www.immotop.lu/annonces/154149/
849,https://www.immotop.lu/annonces/427997/
850,https://www.immotop.lu/annonces/423097/
851,https://www.immotop.lu/annonces/432993/
852,https://www.immotop.lu/annonces/395027/
853,https://www.immotop.lu/annonces/477223/
854,https://www.immotop.lu/annonces/468621/
855,https://www.immotop.lu/annonces/459627/
856,https://www.immotop.lu/annonces/426447/
857,https://www.immotop.lu/annonces/471979/
858,https://www.immotop.lu/annonces/481391/
859,https://www.immotop.lu/annonces/287415/
860,https://www.immotop.lu/annonces/287419/
861,https://www.immotop.lu/annonces/447787/
862,https://www.immotop.lu/annonces/245089/
863,https://www.immotop.lu/annonces/499159/
864,https://www.immotop.lu/annonces/478411/
865,https://www.immotop.lu/annonces/197067/
866,https://www.immotop.lu/annonces/402647/
867,https://www.immotop.lu/annonces/254931/
868,https://www.immotop.lu/annonces/364873/
869,https://www.immotop.lu/annonces/426265/
870,https://www.immotop.lu/annonces/503997/
871,https://www.immotop.lu/annonces/475805/
872,https://www.immotop.lu/annonces/334867/
873,https://www.immotop.lu/annonces/299393/
874,https://www.immotop.lu/annonces/473171/
875,https://www.immotop.lu/annonces/257573/
876,https://www.immotop.lu/annonces/272591/
877,https://www.immotop.lu/annonces/313529/
878,https://www.immotop.lu/annonces/474113/
879,https://www.immotop.lu/annonces/368993/
880,https://www.immotop.lu/annonces/341005/
881,https://www.immotop.lu/annonces/203249/
882,https://www.immotop.lu/annonces/44649/
883,https://www.immotop.lu/annonces/450267/
884,https://www.immotop.lu/annonces/93559/
885,https://www.immotop.lu/annonces/319755/
886,https://www.immotop.lu/annonces/164453/
887,https://www.immotop.lu/annonces/462763/
888,https://www.immotop.lu/annonces/443115/
889,https://www.immotop.lu/annonces/346197/
890,https://www.immotop.lu/annonces/239925/
891,https://www.immotop.lu/annonces/415257/
892,https://www.immotop.lu/annonces/415515/
893,https://www.immotop.lu/annonces/471009/
894,https://www.immotop.lu/annonces/469245/
895,https://www.immotop.lu/annonces/328837/
896,https://www.immotop.lu/annonces/514755/
897,https://www.immotop.lu/annonces/252565/
898,https://www.immotop.lu/annonces/252547/
899,https://www.immotop.lu/annonces/180035/
900,https://www.immotop.lu/annonces/409947/
901,https://www.immotop.lu/annonces/374107/
902,https://www.immotop.lu/annonces/373871/
903,https://www.immotop.lu/annonces/274857/
904,https://www.immotop.lu/annonces/273725/
905,https://www.immotop.lu/annonces/458353/
906,https://www.immotop.lu/annonces/407487/
907,https://www.immotop.lu/annonces/392625/
908,https://www.immotop.lu/annonces/458911/
909,https://www.immotop.lu/annonces/458691/
910,https://www.immotop.lu/annonces/404139/
911,https://www.immotop.lu/annonces/430039/
912,https://www.immotop.lu/annonces/19069/
913,https://www.immotop.lu/annonces/462757/
914,https://www.immotop.lu/annonces/462229/
915,https://www.immotop.lu/annonces/403215/
916,https://www.immotop.lu/annonces/345321/
917,https://www.immotop.lu/annonces/441083/
918,https://www.immotop.lu/annonces/159739/
919,https://www.immotop.lu/annonces/196471/
920,https://www.immotop.lu/annonces/447957/
921,https://www.immotop.lu/annonces/440539/
922,https://www.immotop.lu/annonces/442133/
923,https://www.immotop.lu/annonces/209757/
924,https://www.immotop.lu/annonces/441893/
925,https://www.immotop.lu/annonces/441501/
926,https://www.immotop.lu/annonces/440663/
927,https://www.immotop.lu/annonces/446515/
928,https://www.immotop.lu/annonces/437717/
929,https://www.immotop.lu/annonces/439451/
930,https://www.immotop.lu/annonces/436555/
931,https://www.immotop.lu/annonces/435589/
932,https://www.immotop.lu/annonces/403177/
933,https://www.immotop.lu/annonces/161967/
934,https://www.immotop.lu/annonces/162085/
935,https://www.immotop.lu/annonces/366229/
936,https://www.immotop.lu/annonces/412167/
937,https://www.immotop.lu/annonces/198389/
938,https://www.immotop.lu/annonces/195657/
939,https://www.immotop.lu/annonces/197179/
940,https://www.immotop.lu/annonces/412189/
941,https://www.immotop.lu/annonces/409331/
942,https://www.immotop.lu/annonces/402645/
943,https://www.immotop.lu/annonces/397399/
944,https://www.immotop.lu/annonces/400759/
945,https://www.immotop.lu/annonces/280681/
946,https://www.immotop.lu/annonces/381503/
947,https://www.immotop.lu/annonces/349305/
948,https://www.immotop.lu/annonces/369625/
949,https://www.immotop.lu/annonces/103821/
950,https://www.immotop.lu/annonces/351577/
951,https://www.immotop.lu/annonces/344223/
952,https://www.immotop.lu/annonces/336607/
953,https://www.immotop.lu/annonces/326423/
954,https://www.immotop.lu/annonces/327885/
955,https://www.immotop.lu/annonces/150435/
956,https://www.immotop.lu/annonces/313377/
957,https://www.immotop.lu/annonces/196501/
958,https://www.immotop.lu/annonces/291447/
959,https://www.immotop.lu/annonces/209715/
960,https://www.immotop.lu/annonces/163109/
961,https://www.immotop.lu/annonces/152679/
962,https://www.immotop.lu/annonces/167337/
963,https://www.immotop.lu/annonces/201731/
964,https://www.immotop.lu/annonces/283303/
965,https://www.immotop.lu/annonces/273737/
966,https://www.immotop.lu/annonces/146785/
967,https://www.immotop.lu/annonces/224479/
968,https://www.immotop.lu/annonces/202437/
969,https://www.immotop.lu/annonces/341007/
970,https://www.immotop.lu/annonces/78063/
971,https://www.immotop.lu/annonces/372889/
972,https://www.immotop.lu/annonces/153947/
973,https://www.immotop.lu/annonces/159335/
974,https://www.immotop.lu/annonces/116981/
975,https://www.immotop.lu/annonces/195667/
976,https://www.immotop.lu/annonces/146793/
977,https://www.immotop.lu/annonces/146897/
978,https://www.immotop.lu/annonces/154061/
979,https://www.immotop.lu/annonces/198447/
980,https://www.immotop.lu/annonces/105509/
981,https://www.immotop.lu/annonces/194069/
982,https://www.immotop.lu/annonces/196555/
983,https://www.immotop.lu/annonces/197649/
984,https://www.immotop.lu/annonces/195353/
985,https://www.immotop.lu/annonces/161511/
986,https://www.immotop.lu/annonces/158299/
987,https://www.immotop.lu/annonces/155555/
988,https://www.immotop.lu/annonces/504005/
989,https://www.immotop.lu/annonces/39357/
990,https://www.immotop.lu/annonces/333073/
991,https://www.immotop.lu/annonces/200141/
992,https://www.immotop.lu/annonces/496307/
993,https://www.immotop.lu/annonces/279729/
994,https://www.immotop.lu/annonces/450265/
995,https://www.immotop.lu/annonces/449017/
996,https://www.immotop.lu/annonces/493281/
997,https://www.immotop.lu/annonces/293941/
998,https://www.immotop.lu/annonces/486395/
999,https://www.immotop.lu/annonces/471873/
1000,https://www.immotop.lu/annonces/470085/
1001,https://www.immotop.lu/annonces/221687/
1002,https://www.immotop.lu/annonces/56983/
1003,https://www.immotop.lu/annonces/502345/
1004,https://www.immotop.lu/annonces/393287/
1005,https://www.immotop.lu/annonces/426533/
1006,https://www.immotop.lu/annonces/461041/
1007,https://www.immotop.lu/annonces/396861/
1008,https://www.immotop.lu/annonces/471857/
1009,https://www.immotop.lu/annonces/377355/
1010,https://www.immotop.lu/annonces/377381/
1011,https://www.immotop.lu/annonces/200829/
1012,https://www.immotop.lu/annonces/365321/
1013,https://www.immotop.lu/annonces/481361/
1014,https://www.immotop.lu/annonces/510917/
1015,https://www.immotop.lu/annonces/361137/
1016,https://www.immotop.lu/annonces/369641/
1017,https://www.immotop.lu/annonces/456665/
1018,https://www.immotop.lu/annonces/497535/
1019,https://www.immotop.lu/annonces/462391/
1020,https://www.immotop.lu/annonces/512041/
1021,https://www.immotop.lu/annonces/502251/
1022,https://www.immotop.lu/annonces/382153/
1023,https://www.immotop.lu/annonces/513359/
1024,https://www.immotop.lu/annonces/482771/
1025,https://www.immotop.lu/annonces/459249/
1026,https://www.immotop.lu/annonces/155135/
1027,https://www.immotop.lu/annonces/485845/
1028,https://www.immotop.lu/annonces/484083/
1029,https://www.immotop.lu/annonces/472077/
1030,https://www.immotop.lu/annonces/294505/
1031,https://www.immotop.lu/annonces/501947/
1032,https://www.immotop.lu/annonces/334435/
1033,https://www.immotop.lu/annonces/196507/
1034,https://www.immotop.lu/annonces/345341/
1035,https://www.immotop.lu/annonces/463119/
1036,https://www.immotop.lu/annonces/153403/
1037,https://www.immotop.lu/annonces/472715/
1038,https://www.immotop.lu/annonces/474529/
1039,https://www.immotop.lu/annonces/497611/
1040,https://www.immotop.lu/annonces/486243/
1041,https://www.immotop.lu/annonces/457977/
1042,https://www.immotop.lu/annonces/463123/
1043,https://www.immotop.lu/annonces/505379/
1044,https://www.immotop.lu/annonces/470233/
1045,https://www.immotop.lu/annonces/457979/
1046,https://www.immotop.lu/annonces/151417/
1047,https://www.immotop.lu/annonces/459525/
1048,https://www.immotop.lu/annonces/516193/
1049,https://www.immotop.lu/annonces/468417/
1050,https://www.immotop.lu/annonces/401599/
1051,https://www.immotop.lu/annonces/146051/
1052,https://www.immotop.lu/annonces/329489/
1053,https://www.immotop.lu/annonces/304867/
1054,https://www.immotop.lu/annonces/511287/
1055,https://www.immotop.lu/annonces/474777/
1056,https://www.immotop.lu/annonces/474755/
1057,https://www.immotop.lu/annonces/474753/
1058,https://www.immotop.lu/annonces/497635/
1059,https://www.immotop.lu/annonces/486747/
1060,https://www.immotop.lu/annonces/516067/
1061,https://www.immotop.lu/annonces/515757/
1062,https://www.immotop.lu/annonces/241841/
1063,https://www.immotop.lu/annonces/488669/
1064,https://www.immotop.lu/annonces/147569/
1065,https://www.immotop.lu/annonces/349123/
1066,https://www.immotop.lu/annonces/515593/
1067,https://www.immotop.lu/annonces/91281/
1068,https://www.immotop.lu/annonces/337403/
1069,https://www.immotop.lu/annonces/257351/
1070,https://www.immotop.lu/annonces/468781/
1071,https://www.immotop.lu/annonces/476917/
1072,https://www.immotop.lu/annonces/151439/
1073,https://www.immotop.lu/annonces/160311/
1074,https://www.immotop.lu/annonces/499015/
1075,https://www.immotop.lu/annonces/498979/
1076,https://www.immotop.lu/annonces/514907/
1077,https://www.immotop.lu/annonces/514919/
1078,https://www.immotop.lu/annonces/514917/
1079,https://www.immotop.lu/annonces/514913/
1080,https://www.immotop.lu/annonces/492081/
1081,https://www.immotop.lu/annonces/482691/
1082,https://www.immotop.lu/annonces/482685/
1083,https://www.immotop.lu/annonces/482687/
1084,https://www.immotop.lu/annonces/514807/
1085,https://www.immotop.lu/annonces/513023/
1086,https://www.immotop.lu/annonces/510307/
1087,https://www.immotop.lu/annonces/514711/
1088,https://www.immotop.lu/annonces/514723/
1089,https://www.immotop.lu/annonces/441991/
1090,https://www.immotop.lu/annonces/436213/
1091,https://www.immotop.lu/annonces/514703/
1092,https://www.immotop.lu/annonces/194591/
1093,https://www.immotop.lu/annonces/195749/
1094,https://www.immotop.lu/annonces/160271/
1095,https://www.immotop.lu/annonces/503889/
1096,https://www.immotop.lu/annonces/500563/
1097,https://www.immotop.lu/annonces/343967/
1098,https://www.immotop.lu/annonces/192995/
1099,https://www.immotop.lu/annonces/193097/
1100,https://www.immotop.lu/annonces/193205/
1101,https://www.immotop.lu/annonces/458937/
1102,https://www.immotop.lu/annonces/458941/
1103,https://www.immotop.lu/annonces/207997/
1104,https://www.immotop.lu/annonces/193811/
1105,https://www.immotop.lu/annonces/196749/
1106,https://www.immotop.lu/annonces/197965/
1107,https://www.immotop.lu/annonces/195115/
1108,https://www.immotop.lu/annonces/193639/
1109,https://www.immotop.lu/annonces/196205/
1110,https://www.immotop.lu/annonces/193535/
1111,https://www.immotop.lu/annonces/195505/
1112,https://www.immotop.lu/annonces/197453/
1113,https://www.immotop.lu/annonces/196897/
1114,https://www.immotop.lu/annonces/196191/
1115,https://www.immotop.lu/annonces/193809/
1116,https://www.immotop.lu/annonces/510385/
1117,https://www.immotop.lu/annonces/509609/
1118,https://www.immotop.lu/annonces/509597/
1119,https://www.immotop.lu/annonces/192661/
1120,https://www.immotop.lu/annonces/306367/
1121,https://www.immotop.lu/annonces/456859/
1122,https://www.immotop.lu/annonces/241057/
1123,https://www.immotop.lu/annonces/414547/
1124,https://www.immotop.lu/annonces/192809/
1125,https://www.immotop.lu/annonces/192831/
1126,https://www.immotop.lu/annonces/509595/
1127,https://www.immotop.lu/annonces/192671/
1128,https://www.immotop.lu/annonces/192741/
1129,https://www.immotop.lu/annonces/241049/
1130,https://www.immotop.lu/annonces/307379/
1131,https://www.immotop.lu/annonces/307377/
1132,https://www.immotop.lu/annonces/241051/
1133,https://www.immotop.lu/annonces/241053/
1134,https://www.immotop.lu/annonces/307373/
1135,https://www.immotop.lu/annonces/241055/
1136,https://www.immotop.lu/annonces/317131/
1137,https://www.immotop.lu/annonces/462913/
1138,https://www.immotop.lu/annonces/182985/
1139,https://www.immotop.lu/annonces/501365/
1140,https://www.immotop.lu/annonces/307371/
1141,https://www.immotop.lu/annonces/307375/
1142,https://www.immotop.lu/annonces/456755/
1143,https://www.immotop.lu/annonces/144639/
1144,https://www.immotop.lu/annonces/192845/
1145,https://www.immotop.lu/annonces/192663/
1146,https://www.immotop.lu/annonces/192793/
1147,https://www.immotop.lu/annonces/192789/
1148,https://www.immotop.lu/annonces/192751/
1149,https://www.immotop.lu/annonces/477245/
1150,https://www.immotop.lu/annonces/192807/
1151,https://www.immotop.lu/annonces/192655/
1152,https://www.immotop.lu/annonces/251943/
1153,https://www.immotop.lu/annonces/448797/
1154,https://www.immotop.lu/annonces/448869/
1155,https://www.immotop.lu/annonces/307367/
1156,https://www.immotop.lu/annonces/192915/
1157,https://www.immotop.lu/annonces/192711/
1158,https://www.immotop.lu/annonces/192877/
1159,https://www.immotop.lu/annonces/477341/
1160,https://www.immotop.lu/annonces/307369/
1161,https://www.immotop.lu/annonces/192797/
1162,https://www.immotop.lu/annonces/192667/
1163,https://www.immotop.lu/annonces/192805/
1164,https://www.immotop.lu/annonces/192657/
1165,https://www.immotop.lu/annonces/192783/
1166,https://www.immotop.lu/annonces/192689/
1167,https://www.immotop.lu/annonces/307365/
1168,https://www.immotop.lu/annonces/192887/
1169,https://www.immotop.lu/annonces/192765/
1170,https://www.immotop.lu/annonces/192729/
1171,https://www.immotop.lu/annonces/192913/
1172,https://www.immotop.lu/annonces/192803/
1173,https://www.immotop.lu/annonces/192859/
1174,https://www.immotop.lu/annonces/192869/
1175,https://www.immotop.lu/annonces/192901/
1176,https://www.immotop.lu/annonces/192827/
1177,https://www.immotop.lu/annonces/192777/
1178,https://www.immotop.lu/annonces/192643/
1179,https://www.immotop.lu/annonces/192731/
1180,https://www.immotop.lu/annonces/440407/
1181,https://www.immotop.lu/annonces/192743/
1182,https://www.immotop.lu/annonces/192739/
1183,https://www.immotop.lu/annonces/192891/
1184,https://www.immotop.lu/annonces/192799/
1185,https://www.immotop.lu/annonces/192649/
1186,https://www.immotop.lu/annonces/192895/
1187,https://www.immotop.lu/annonces/192665/
1188,https://www.immotop.lu/annonces/192761/
1189,https://www.immotop.lu/annonces/192699/
1190,https://www.immotop.lu/annonces/192719/
1191,https://www.immotop.lu/annonces/192683/
1192,https://www.immotop.lu/annonces/307381/
1193,https://www.immotop.lu/annonces/502319/
1194,https://www.immotop.lu/annonces/446183/
1195,https://www.immotop.lu/annonces/242089/
1196,https://www.immotop.lu/annonces/514537/
1197,https://www.immotop.lu/annonces/192675/
1198,https://www.immotop.lu/annonces/192677/
1199,https://www.immotop.lu/annonces/430065/
1200,https://www.immotop.lu/annonces/351693/
1201,https://www.immotop.lu/annonces/351703/
1202,https://www.immotop.lu/annonces/351691/
1203,https://www.immotop.lu/annonces/351697/
1204,https://www.immotop.lu/annonces/360305/
1205,https://www.immotop.lu/annonces/144463/
1206,https://www.immotop.lu/annonces/144525/
1207,https://www.immotop.lu/annonces/472717/
1208,https://www.immotop.lu/annonces/351687/
1209,https://www.immotop.lu/annonces/447807/
1210,https://www.immotop.lu/annonces/351689/
1211,https://www.immotop.lu/annonces/497387/
1212,https://www.immotop.lu/annonces/207847/
1213,https://www.immotop.lu/annonces/486437/
1214,https://www.immotop.lu/annonces/513713/
1215,https://www.immotop.lu/annonces/207685/
1216,https://www.immotop.lu/annonces/509607/
1217,https://www.immotop.lu/annonces/207935/
1218,https://www.immotop.lu/annonces/509593/
1219,https://www.immotop.lu/annonces/436345/
1220,https://www.immotop.lu/annonces/192773/
1221,https://www.immotop.lu/annonces/501847/
1222,https://www.immotop.lu/annonces/489839/
1223,https://www.immotop.lu/annonces/489843/
1224,https://www.immotop.lu/annonces/489853/
1225,https://www.immotop.lu/annonces/308029/
1226,https://www.immotop.lu/annonces/308035/
1227,https://www.immotop.lu/annonces/489803/
1228,https://www.immotop.lu/annonces/489805/
1229,https://www.immotop.lu/annonces/511205/
1230,https://www.immotop.lu/annonces/489847/
1231,https://www.immotop.lu/annonces/458095/
1232,https://www.immotop.lu/annonces/308021/
1233,https://www.immotop.lu/annonces/489811/
1234,https://www.immotop.lu/annonces/489801/
1235,https://www.immotop.lu/annonces/489815/
1236,https://www.immotop.lu/annonces/489841/
1237,https://www.immotop.lu/annonces/308023/
1238,https://www.immotop.lu/annonces/436349/
1239,https://www.immotop.lu/annonces/436355/
1240,https://www.immotop.lu/annonces/436353/
1241,https://www.immotop.lu/annonces/436347/
1242,https://www.immotop.lu/annonces/192645/
1243,https://www.immotop.lu/annonces/192693/
1244,https://www.immotop.lu/annonces/490171/
1245,https://www.immotop.lu/annonces/308033/
1246,https://www.immotop.lu/annonces/489849/
1247,https://www.immotop.lu/annonces/509601/
1248,https://www.immotop.lu/annonces/144393/
1249,https://www.immotop.lu/annonces/509605/
1250,https://www.immotop.lu/annonces/509587/
1251,https://www.immotop.lu/annonces/435171/
1252,https://www.immotop.lu/annonces/500365/
1253,https://www.immotop.lu/annonces/292495/
1254,https://www.immotop.lu/annonces/166609/
1255,https://www.immotop.lu/annonces/195431/
1256,https://www.immotop.lu/annonces/155667/
1257,https://www.immotop.lu/annonces/149661/
1258,https://www.immotop.lu/annonces/149677/
1259,https://www.immotop.lu/annonces/194179/
1260,https://www.immotop.lu/annonces/436257/
1261,https://www.immotop.lu/annonces/497741/
1262,https://www.immotop.lu/annonces/287685/
1263,https://www.immotop.lu/annonces/339181/
1264,https://www.immotop.lu/annonces/57105/
1265,https://www.immotop.lu/annonces/339333/
1266,https://www.immotop.lu/annonces/194261/
1267,https://www.immotop.lu/annonces/195415/
1268,https://www.immotop.lu/annonces/503935/
1269,https://www.immotop.lu/annonces/474607/
1270,https://www.immotop.lu/annonces/163201/
1271,https://www.immotop.lu/annonces/452751/
1272,https://www.immotop.lu/annonces/467907/
1273,https://www.immotop.lu/annonces/146263/
1274,https://www.immotop.lu/annonces/161095/
1275,https://www.immotop.lu/annonces/467037/
1276,https://www.immotop.lu/annonces/473377/
1277,https://www.immotop.lu/annonces/491155/
1278,https://www.immotop.lu/annonces/497693/
1279,https://www.immotop.lu/annonces/509037/
1280,https://www.immotop.lu/annonces/462267/
1281,https://www.immotop.lu/annonces/107583/
1282,https://www.immotop.lu/annonces/393959/
1283,https://www.immotop.lu/annonces/511089/
1284,https://www.immotop.lu/annonces/511283/
1285,https://www.immotop.lu/annonces/514195/
1286,https://www.immotop.lu/annonces/151471/
1287,https://www.immotop.lu/annonces/192669/
1288,https://www.immotop.lu/annonces/295843/
1289,https://www.immotop.lu/annonces/510291/
1290,https://www.immotop.lu/annonces/207275/
1291,https://www.immotop.lu/annonces/477279/
1292,https://www.immotop.lu/annonces/477267/
1293,https://www.immotop.lu/annonces/511161/
1294,https://www.immotop.lu/annonces/463099/
1295,https://www.immotop.lu/annonces/502243/
1296,https://www.immotop.lu/annonces/509223/
1297,https://www.immotop.lu/annonces/488687/
1298,https://www.immotop.lu/annonces/243789/
1299,https://www.immotop.lu/annonces/425541/
1300,https://www.immotop.lu/annonces/464199/
1301,https://www.immotop.lu/annonces/464195/
1302,https://www.immotop.lu/annonces/430755/
1303,https://www.immotop.lu/annonces/512019/
1304,https://www.immotop.lu/annonces/430751/
1305,https://www.immotop.lu/annonces/430749/
1306,https://www.immotop.lu/annonces/429531/
1307,https://www.immotop.lu/annonces/243667/
1308,https://www.immotop.lu/annonces/196415/
1309,https://www.immotop.lu/annonces/225021/
1310,https://www.immotop.lu/annonces/194259/
1311,https://www.immotop.lu/annonces/196947/
1312,https://www.immotop.lu/annonces/45395/
1313,https://www.immotop.lu/annonces/194271/
1314,https://www.immotop.lu/annonces/198397/
1315,https://www.immotop.lu/annonces/496975/
1316,https://www.immotop.lu/annonces/195923/
1317,https://www.immotop.lu/annonces/197887/
1318,https://www.immotop.lu/annonces/360531/
1319,https://www.immotop.lu/annonces/510679/
1320,https://www.immotop.lu/annonces/197477/
1321,https://www.immotop.lu/annonces/195475/
1322,https://www.immotop.lu/annonces/196431/
1323,https://www.immotop.lu/annonces/193967/
1324,https://www.immotop.lu/annonces/195889/
1325,https://www.immotop.lu/annonces/198011/
1326,https://www.immotop.lu/annonces/198199/
1327,https://www.immotop.lu/annonces/165999/
1328,https://www.immotop.lu/annonces/196943/
1329,https://www.immotop.lu/annonces/198563/
1330,https://www.immotop.lu/annonces/193955/
1331,https://www.immotop.lu/annonces/155739/
1332,https://www.immotop.lu/annonces/195441/
1333,https://www.immotop.lu/annonces/197647/
1334,https://www.immotop.lu/annonces/404177/
1335,https://www.immotop.lu/annonces/197479/
1336,https://www.immotop.lu/annonces/197657/
1337,https://www.immotop.lu/annonces/193965/
1338,https://www.immotop.lu/annonces/511899/
1339,https://www.immotop.lu/annonces/513129/
1340,https://www.immotop.lu/annonces/513127/
1341,https://www.immotop.lu/annonces/479511/
1342,https://www.immotop.lu/annonces/479519/
1343,https://www.immotop.lu/annonces/219913/
1344,https://www.immotop.lu/annonces/501367/
1345,https://www.immotop.lu/annonces/474905/
1346,https://www.immotop.lu/annonces/324051/
1347,https://www.immotop.lu/annonces/221727/
1348,https://www.immotop.lu/annonces/404793/
1349,https://www.immotop.lu/annonces/252493/
1350,https://www.immotop.lu/annonces/302431/
1351,https://www.immotop.lu/annonces/485457/
1352,https://www.immotop.lu/annonces/404191/
1353,https://www.immotop.lu/annonces/353723/
1354,https://www.immotop.lu/annonces/158203/
1355,https://www.immotop.lu/annonces/252763/
1356,https://www.immotop.lu/annonces/443105/
1357,https://www.immotop.lu/annonces/425655/
1358,https://www.immotop.lu/annonces/153531/
1359,https://www.immotop.lu/annonces/193219/
1360,https://www.immotop.lu/annonces/193035/
1361,https://www.immotop.lu/annonces/146513/
1362,https://www.immotop.lu/annonces/158197/
1363,https://www.immotop.lu/annonces/158195/
1364,https://www.immotop.lu/annonces/212049/
1365,https://www.immotop.lu/annonces/158177/
1366,https://www.immotop.lu/annonces/146557/
1367,https://www.immotop.lu/annonces/193043/
1368,https://www.immotop.lu/annonces/163343/
1369,https://www.immotop.lu/annonces/146511/
1370,https://www.immotop.lu/annonces/513111/
1371,https://www.immotop.lu/annonces/496317/
1372,https://www.immotop.lu/annonces/199557/
1373,https://www.immotop.lu/annonces/339251/
1374,https://www.immotop.lu/annonces/435661/
1375,https://www.immotop.lu/annonces/452691/
1376,https://www.immotop.lu/annonces/483387/
1377,https://www.immotop.lu/annonces/474723/
1378,https://www.immotop.lu/annonces/423773/
1379,https://www.immotop.lu/annonces/493939/
1380,https://www.immotop.lu/annonces/444953/
1381,https://www.immotop.lu/annonces/395703/
1382,https://www.immotop.lu/annonces/403887/
1383,https://www.immotop.lu/annonces/474731/
1384,https://www.immotop.lu/annonces/196183/
1385,https://www.immotop.lu/annonces/347423/
1386,https://www.immotop.lu/annonces/335575/
1387,https://www.immotop.lu/annonces/195761/
1388,https://www.immotop.lu/annonces/283215/
1389,https://www.immotop.lu/annonces/283211/
1390,https://www.immotop.lu/annonces/344543/
1391,https://www.immotop.lu/annonces/344559/
1392,https://www.immotop.lu/annonces/158227/
1393,https://www.immotop.lu/annonces/481923/
1394,https://www.immotop.lu/annonces/275313/
1395,https://www.immotop.lu/annonces/368971/
1396,https://www.immotop.lu/annonces/307203/
1397,https://www.immotop.lu/annonces/486159/
1398,https://www.immotop.lu/annonces/369771/
1399,https://www.immotop.lu/annonces/323821/
1400,https://www.immotop.lu/annonces/461971/
1401,https://www.immotop.lu/annonces/380891/
1402,https://www.immotop.lu/annonces/158211/
1403,https://www.immotop.lu/annonces/345307/
1404,https://www.immotop.lu/annonces/164573/
1405,https://www.immotop.lu/annonces/240667/
1406,https://www.immotop.lu/annonces/211293/
1407,https://www.immotop.lu/annonces/152841/
1408,https://www.immotop.lu/annonces/414059/
1409,https://www.immotop.lu/annonces/502071/
1410,https://www.immotop.lu/annonces/462741/
1411,https://www.immotop.lu/annonces/462569/
1412,https://www.immotop.lu/annonces/163229/
1413,https://www.immotop.lu/annonces/256095/
1414,https://www.immotop.lu/annonces/243301/
1415,https://www.immotop.lu/annonces/164733/
1416,https://www.immotop.lu/annonces/155599/
1417,https://www.immotop.lu/annonces/484227/
1418,https://www.immotop.lu/annonces/462237/
1419,https://www.immotop.lu/annonces/462849/
1420,https://www.immotop.lu/annonces/462769/
1421,https://www.immotop.lu/annonces/464543/
1422,https://www.immotop.lu/annonces/303693/
1423,https://www.immotop.lu/annonces/348263/
1424,https://www.immotop.lu/annonces/510355/
1425,https://www.immotop.lu/annonces/510363/
1426,https://www.immotop.lu/annonces/510343/
1427,https://www.immotop.lu/annonces/489551/
1428,https://www.immotop.lu/annonces/510349/
1429,https://www.immotop.lu/annonces/515683/
1430,https://www.immotop.lu/annonces/473621/
1431,https://www.immotop.lu/annonces/473637/
1432,https://www.immotop.lu/annonces/473811/
1433,https://www.immotop.lu/annonces/473681/
1434,https://www.immotop.lu/annonces/473677/
1435,https://www.immotop.lu/annonces/473047/
1436,https://www.immotop.lu/annonces/473653/
1437,https://www.immotop.lu/annonces/473801/
1438,https://www.immotop.lu/annonces/473439/
1439,https://www.immotop.lu/annonces/473659/
1440,https://www.immotop.lu/annonces/473599/
1441,https://www.immotop.lu/annonces/473635/
1442,https://www.immotop.lu/annonces/354873/
1443,https://www.immotop.lu/annonces/154147/
1444,https://www.immotop.lu/annonces/354885/
1445,https://www.immotop.lu/annonces/503989/
1446,https://www.immotop.lu/annonces/305405/
1447,https://www.immotop.lu/annonces/187965/
1448,https://www.immotop.lu/annonces/187951/
1449,https://www.immotop.lu/annonces/187985/
1450,https://www.immotop.lu/annonces/305303/
1451,https://www.immotop.lu/annonces/187955/
1452,https://www.immotop.lu/annonces/355037/
1453,https://www.immotop.lu/annonces/437761/
1454,https://www.immotop.lu/annonces/285677/
1455,https://www.immotop.lu/annonces/392911/
1456,https://www.immotop.lu/annonces/380985/
1457,https://www.immotop.lu/annonces/301959/
1458,https://www.immotop.lu/annonces/512841/
1459,https://www.immotop.lu/annonces/509083/
1460,https://www.immotop.lu/annonces/509093/
1461,https://www.immotop.lu/annonces/509113/
1462,https://www.immotop.lu/annonces/509077/
1463,https://www.immotop.lu/annonces/509131/
1464,https://www.immotop.lu/annonces/509067/
1465,https://www.immotop.lu/annonces/441671/
1466,https://www.immotop.lu/annonces/479153/
1467,https://www.immotop.lu/annonces/476393/
1468,https://www.immotop.lu/annonces/476395/
1469,https://www.immotop.lu/annonces/476391/
1470,https://www.immotop.lu/annonces/441667/
1471,https://www.immotop.lu/annonces/486815/
1472,https://www.immotop.lu/annonces/487597/
1473,https://www.immotop.lu/annonces/329315/
1474,https://www.immotop.lu/annonces/462257/
1475,https://www.immotop.lu/annonces/378239/
1476,https://www.immotop.lu/annonces/395001/
1477,https://www.immotop.lu/annonces/477711/
1478,https://www.immotop.lu/annonces/512417/
1479,https://www.immotop.lu/annonces/503919/
1480,https://www.immotop.lu/annonces/413079/
1481,https://www.immotop.lu/annonces/149285/
1482,https://www.immotop.lu/annonces/159349/
1483,https://www.immotop.lu/annonces/162097/
1484,https://www.immotop.lu/annonces/484465/
1485,https://www.immotop.lu/annonces/328659/
1486,https://www.immotop.lu/annonces/194481/
1487,https://www.immotop.lu/annonces/442441/
1488,https://www.immotop.lu/annonces/442439/
1489,https://www.immotop.lu/annonces/360091/
1490,https://www.immotop.lu/annonces/194421/
1491,https://www.immotop.lu/annonces/366387/
1492,https://www.immotop.lu/annonces/459607/
1493,https://www.immotop.lu/annonces/515371/
1494,https://www.immotop.lu/annonces/470081/
1495,https://www.immotop.lu/annonces/434641/
1496,https://www.immotop.lu/annonces/300185/
1497,https://www.immotop.lu/annonces/403387/
1498,https://www.immotop.lu/annonces/474071/
1499,https://www.immotop.lu/annonces/500229/
1500,https://www.immotop.lu/annonces/476015/
1501,https://www.immotop.lu/annonces/382765/
1502,https://www.immotop.lu/annonces/491743/
1503,https://www.immotop.lu/annonces/458961/
1504,https://www.immotop.lu/annonces/486949/
1505,https://www.immotop.lu/annonces/475621/
1506,https://www.immotop.lu/annonces/430723/
1507,https://www.immotop.lu/annonces/448739/
1508,https://www.immotop.lu/annonces/337859/
1509,https://www.immotop.lu/annonces/449147/
1510,https://www.immotop.lu/annonces/292499/
1511,https://www.immotop.lu/annonces/422773/
1512,https://www.immotop.lu/annonces/98473/
1513,https://www.immotop.lu/annonces/287551/
1514,https://www.immotop.lu/annonces/449193/
1515,https://www.immotop.lu/annonces/309417/
1516,https://www.immotop.lu/annonces/449961/
1517,https://www.immotop.lu/annonces/196245/
1518,https://www.immotop.lu/annonces/348265/
1519,https://www.immotop.lu/annonces/159775/
1520,https://www.immotop.lu/annonces/306343/
1521,https://www.immotop.lu/annonces/474119/
1522,https://www.immotop.lu/annonces/461723/
1523,https://www.immotop.lu/annonces/26107/
1524,https://www.immotop.lu/annonces/273441/
1525,https://www.immotop.lu/annonces/275855/
1526,https://www.immotop.lu/annonces/448981/
1527,https://www.immotop.lu/annonces/205495/
1528,https://www.immotop.lu/annonces/401653/
1529,https://www.immotop.lu/annonces/205493/
1530,https://www.immotop.lu/annonces/473375/
1531,https://www.immotop.lu/annonces/430099/
1532,https://www.immotop.lu/annonces/483515/
1533,https://www.immotop.lu/annonces/461059/
1534,https://www.immotop.lu/annonces/423077/
1535,https://www.immotop.lu/annonces/343965/
1536,https://www.immotop.lu/annonces/483829/
1537,https://www.immotop.lu/annonces/293903/
1538,https://www.immotop.lu/annonces/360281/
1539,https://www.immotop.lu/annonces/474597/
1540,https://www.immotop.lu/annonces/445211/
1541,https://www.immotop.lu/annonces/457597/
1542,https://www.immotop.lu/annonces/464209/
1543,https://www.immotop.lu/annonces/384183/
1544,https://www.immotop.lu/annonces/458951/
1545,https://www.immotop.lu/annonces/446197/
1546,https://www.immotop.lu/annonces/495659/
1547,https://www.immotop.lu/annonces/423085/
1548,https://www.immotop.lu/annonces/306021/
1549,https://www.immotop.lu/annonces/131715/
1550,https://www.immotop.lu/annonces/325531/
1551,https://www.immotop.lu/annonces/441747/
1552,https://www.immotop.lu/annonces/150183/
1553,https://www.immotop.lu/annonces/298395/
1554,https://www.immotop.lu/annonces/345317/
1555,https://www.immotop.lu/annonces/251941/
1556,https://www.immotop.lu/annonces/204363/
1557,https://www.immotop.lu/annonces/145741/
1558,https://www.immotop.lu/annonces/511517/
1559,https://www.immotop.lu/annonces/511483/
1560,https://www.immotop.lu/annonces/474275/
1561,https://www.immotop.lu/annonces/474271/
1562,https://www.immotop.lu/annonces/154089/
1563,https://www.immotop.lu/annonces/330511/
1564,https://www.immotop.lu/annonces/511241/
1565,https://www.immotop.lu/annonces/511137/
1566,https://www.immotop.lu/annonces/511247/
1567,https://www.immotop.lu/annonces/511133/
1568,https://www.immotop.lu/annonces/511221/
1569,https://www.immotop.lu/annonces/425493/
1570,https://www.immotop.lu/annonces/107887/
1571,https://www.immotop.lu/annonces/224541/
1572,https://www.immotop.lu/annonces/460863/
1573,https://www.immotop.lu/annonces/468541/
1574,https://www.immotop.lu/annonces/166753/
1575,https://www.immotop.lu/annonces/216245/
1576,https://www.immotop.lu/annonces/497631/
1577,https://www.immotop.lu/annonces/500567/
1578,https://www.immotop.lu/annonces/500169/
1579,https://www.immotop.lu/annonces/194273/
1580,https://www.immotop.lu/annonces/193987/
1581,https://www.immotop.lu/annonces/509671/
1582,https://www.immotop.lu/annonces/364599/
1583,https://www.immotop.lu/annonces/187005/
1584,https://www.immotop.lu/annonces/31425/
1585,https://www.immotop.lu/annonces/55629/
1586,https://www.immotop.lu/annonces/30321/
1587,https://www.immotop.lu/annonces/509455/
1588,https://www.immotop.lu/annonces/509373/
1589,https://www.immotop.lu/annonces/363847/
1590,https://www.immotop.lu/annonces/107145/
1591,https://www.immotop.lu/annonces/502263/
1592,https://www.immotop.lu/annonces/500843/
1593,https://www.immotop.lu/annonces/504125/
1594,https://www.immotop.lu/annonces/499211/
1595,https://www.immotop.lu/annonces/243313/
1596,https://www.immotop.lu/annonces/13571/
1597,https://www.immotop.lu/annonces/452545/
1598,https://www.immotop.lu/annonces/447825/
1599,https://www.immotop.lu/annonces/447823/
1600,https://www.immotop.lu/annonces/486229/
1601,https://www.immotop.lu/annonces/435401/
1602,https://www.immotop.lu/annonces/486227/
1603,https://www.immotop.lu/annonces/449331/
1604,https://www.immotop.lu/annonces/160187/
1605,https://www.immotop.lu/annonces/160173/
1606,https://www.immotop.lu/annonces/430067/
1607,https://www.immotop.lu/annonces/369427/
1608,https://www.immotop.lu/annonces/364987/
1609,https://www.immotop.lu/annonces/322261/
1610,https://www.immotop.lu/annonces/481659/
1611,https://www.immotop.lu/annonces/476957/
1612,https://www.immotop.lu/annonces/489123/
1613,https://www.immotop.lu/annonces/489261/
1614,https://www.immotop.lu/annonces/496349/
1615,https://www.immotop.lu/annonces/318107/
1616,https://www.immotop.lu/annonces/475333/
1617,https://www.immotop.lu/annonces/500097/
1618,https://www.immotop.lu/annonces/445717/
1619,https://www.immotop.lu/annonces/300531/
1620,https://www.immotop.lu/annonces/349191/
1621,https://www.immotop.lu/annonces/338023/
1622,https://www.immotop.lu/annonces/429467/
1623,https://www.immotop.lu/annonces/475953/
1624,https://www.immotop.lu/annonces/147187/
1625,https://www.immotop.lu/annonces/474921/
1626,https://www.immotop.lu/annonces/450313/
1627,https://www.immotop.lu/annonces/200121/
1628,https://www.immotop.lu/annonces/488709/
1629,https://www.immotop.lu/annonces/325567/
1630,https://www.immotop.lu/annonces/485505/
1631,https://www.immotop.lu/annonces/206327/
1632,https://www.immotop.lu/annonces/292441/
1633,https://www.immotop.lu/annonces/507509/
1634,https://www.immotop.lu/annonces/163447/
1635,https://www.immotop.lu/annonces/32087/
1636,https://www.immotop.lu/annonces/211829/
1637,https://www.immotop.lu/annonces/363937/
1638,https://www.immotop.lu/annonces/195341/
1639,https://www.immotop.lu/annonces/198289/
1640,https://www.immotop.lu/annonces/193087/
1641,https://www.immotop.lu/annonces/466139/
1642,https://www.immotop.lu/annonces/412161/
1643,https://www.immotop.lu/annonces/193253/
1644,https://www.immotop.lu/annonces/430127/
1645,https://www.immotop.lu/annonces/193129/
1646,https://www.immotop.lu/annonces/198391/
1647,https://www.immotop.lu/annonces/165575/
1648,https://www.immotop.lu/annonces/297625/
1649,https://www.immotop.lu/annonces/193373/
1650,https://www.immotop.lu/annonces/223909/
1651,https://www.immotop.lu/annonces/224417/
1652,https://www.immotop.lu/annonces/193089/
1653,https://www.immotop.lu/annonces/324323/
1654,https://www.immotop.lu/annonces/324329/
1655,https://www.immotop.lu/annonces/147179/
1656,https://www.immotop.lu/annonces/489045/
1657,https://www.immotop.lu/annonces/507011/
1658,https://www.immotop.lu/annonces/431421/
1659,https://www.immotop.lu/annonces/145951/
1660,https://www.immotop.lu/annonces/319799/
1661,https://www.immotop.lu/annonces/485843/
1662,https://www.immotop.lu/annonces/25831/
1663,https://www.immotop.lu/annonces/484291/
1664,https://www.immotop.lu/annonces/287305/
1665,https://www.immotop.lu/annonces/157877/
1666,https://www.immotop.lu/annonces/278537/
1667,https://www.immotop.lu/annonces/145763/
1668,https://www.immotop.lu/annonces/497567/
1669,https://www.immotop.lu/annonces/145743/
1670,https://www.immotop.lu/annonces/145747/
1671,https://www.immotop.lu/annonces/486463/
1672,https://www.immotop.lu/annonces/461055/
1673,https://www.immotop.lu/annonces/412211/
1674,https://www.immotop.lu/annonces/385353/
1675,https://www.immotop.lu/annonces/145767/
1676,https://www.immotop.lu/annonces/145749/
1677,https://www.immotop.lu/annonces/168321/
1678,https://www.immotop.lu/annonces/153081/
1679,https://www.immotop.lu/annonces/447805/
1680,https://www.immotop.lu/annonces/58139/
1681,https://www.immotop.lu/annonces/476337/
1682,https://www.immotop.lu/annonces/486263/
1683,https://www.immotop.lu/annonces/495091/
1684,https://www.immotop.lu/annonces/500501/
1685,https://www.immotop.lu/annonces/479125/
1686,https://www.immotop.lu/annonces/501379/
1687,https://www.immotop.lu/annonces/502203/
1688,https://www.immotop.lu/annonces/504085/
1689,https://www.immotop.lu/annonces/426417/
1690,https://www.immotop.lu/annonces/308499/
1691,https://www.immotop.lu/annonces/346395/
1692,https://www.immotop.lu/annonces/396713/
1693,https://www.immotop.lu/annonces/407559/
1694,https://www.immotop.lu/annonces/446289/
1695,https://www.immotop.lu/annonces/434729/
1696,https://www.immotop.lu/annonces/434743/
1697,https://www.immotop.lu/annonces/423071/
1698,https://www.immotop.lu/annonces/482841/
1699,https://www.immotop.lu/annonces/499171/
1700,https://www.immotop.lu/annonces/193081/
1701,https://www.immotop.lu/annonces/504089/
1702,https://www.immotop.lu/annonces/502299/
1703,https://www.immotop.lu/annonces/502105/
1704,https://www.immotop.lu/annonces/500173/
1705,https://www.immotop.lu/annonces/500183/
1706,https://www.immotop.lu/annonces/502121/
1707,https://www.immotop.lu/annonces/502107/
1708,https://www.immotop.lu/annonces/500503/
1709,https://www.immotop.lu/annonces/149583/
1710,https://www.immotop.lu/annonces/68969/
1711,https://www.immotop.lu/annonces/461045/
1712,https://www.immotop.lu/annonces/431241/
1713,https://www.immotop.lu/annonces/486353/
1714,https://www.immotop.lu/annonces/438075/
1715,https://www.immotop.lu/annonces/497569/
1716,https://www.immotop.lu/annonces/446315/
1717,https://www.immotop.lu/annonces/464507/
1718,https://www.immotop.lu/annonces/347785/
1719,https://www.immotop.lu/annonces/481797/
1720,https://www.immotop.lu/annonces/194009/
1721,https://www.immotop.lu/annonces/198065/
1722,https://www.immotop.lu/annonces/380147/
1723,https://www.immotop.lu/annonces/145961/
1724,https://www.immotop.lu/annonces/173969/
1725,https://www.immotop.lu/annonces/360029/
1726,https://www.immotop.lu/annonces/360031/
1727,https://www.immotop.lu/annonces/194871/
1728,https://www.immotop.lu/annonces/196755/
1729,https://www.immotop.lu/annonces/196517/
1730,https://www.immotop.lu/annonces/198465/
1731,https://www.immotop.lu/annonces/502231/
1732,https://www.immotop.lu/annonces/503969/
1733,https://www.immotop.lu/annonces/147835/
1734,https://www.immotop.lu/annonces/339215/
1735,https://www.immotop.lu/annonces/196405/
1736,https://www.immotop.lu/annonces/194693/
1737,https://www.immotop.lu/annonces/198489/
1738,https://www.immotop.lu/annonces/196713/
1739,https://www.immotop.lu/annonces/192973/
1740,https://www.immotop.lu/annonces/195101/
1741,https://www.immotop.lu/annonces/354495/
1742,https://www.immotop.lu/annonces/382217/
1743,https://www.immotop.lu/annonces/49273/
1744,https://www.immotop.lu/annonces/400053/
1745,https://www.immotop.lu/annonces/503879/
1746,https://www.immotop.lu/annonces/447991/
1747,https://www.immotop.lu/annonces/447995/
1748,https://www.immotop.lu/annonces/510285/
1749,https://www.immotop.lu/annonces/476405/
1750,https://www.immotop.lu/annonces/195951/
1751,https://www.immotop.lu/annonces/334217/
1752,https://www.immotop.lu/annonces/257137/
1753,https://www.immotop.lu/annonces/370779/
1754,https://www.immotop.lu/annonces/403755/
1755,https://www.immotop.lu/annonces/293465/
1756,https://www.immotop.lu/annonces/503853/
1757,https://www.immotop.lu/annonces/346153/
1758,https://www.immotop.lu/annonces/166465/
1759,https://www.immotop.lu/annonces/279203/
1760,https://www.immotop.lu/annonces/255665/
1761,https://www.immotop.lu/annonces/332623/
1762,https://www.immotop.lu/annonces/487583/
1763,https://www.immotop.lu/annonces/451589/
1764,https://www.immotop.lu/annonces/500541/
1765,https://www.immotop.lu/annonces/500551/
1766,https://www.immotop.lu/annonces/147581/
1767,https://www.immotop.lu/annonces/151837/
1768,https://www.immotop.lu/annonces/197207/
1769,https://www.immotop.lu/annonces/150519/
1770,https://www.immotop.lu/annonces/196237/
1771,https://www.immotop.lu/annonces/164151/
1772,https://www.immotop.lu/annonces/194767/
1773,https://www.immotop.lu/annonces/194501/
1774,https://www.immotop.lu/annonces/474703/
1775,https://www.immotop.lu/annonces/450261/
1776,https://www.immotop.lu/annonces/501209/
1777,https://www.immotop.lu/annonces/423763/
1778,https://www.immotop.lu/annonces/382355/
1779,https://www.immotop.lu/annonces/161855/
1780,https://www.immotop.lu/annonces/381219/
1781,https://www.immotop.lu/annonces/383467/
1782,https://www.immotop.lu/annonces/425479/
1783,https://www.immotop.lu/annonces/381123/
1784,https://www.immotop.lu/annonces/487595/
1785,https://www.immotop.lu/annonces/495149/
1786,https://www.immotop.lu/annonces/501245/
1787,https://www.immotop.lu/annonces/501133/
1788,https://www.immotop.lu/annonces/501135/
1789,https://www.immotop.lu/annonces/482793/
1790,https://www.immotop.lu/annonces/252003/
1791,https://www.immotop.lu/annonces/458265/
1792,https://www.immotop.lu/annonces/454273/
1793,https://www.immotop.lu/annonces/431221/
1794,https://www.immotop.lu/annonces/409159/
1795,https://www.immotop.lu/annonces/369611/
1796,https://www.immotop.lu/annonces/472065/
1797,https://www.immotop.lu/annonces/380987/
1798,https://www.immotop.lu/annonces/378733/
1799,https://www.immotop.lu/annonces/486347/
1800,https://www.immotop.lu/annonces/293235/
1801,https://www.immotop.lu/annonces/327293/
1802,https://www.immotop.lu/annonces/422825/
1803,https://www.immotop.lu/annonces/492415/
1804,https://www.immotop.lu/annonces/296747/
1805,https://www.immotop.lu/annonces/329449/
1806,https://www.immotop.lu/annonces/482261/
1807,https://www.immotop.lu/annonces/490565/
1808,https://www.immotop.lu/annonces/486751/
1809,https://www.immotop.lu/annonces/443397/
1810,https://www.immotop.lu/annonces/197041/
1811,https://www.immotop.lu/annonces/194363/
1812,https://www.immotop.lu/annonces/371165/
1813,https://www.immotop.lu/annonces/322367/
1814,https://www.immotop.lu/annonces/194365/
1815,https://www.immotop.lu/annonces/486273/
1816,https://www.immotop.lu/annonces/198635/
1817,https://www.immotop.lu/annonces/152955/
1818,https://www.immotop.lu/annonces/401707/
1819,https://www.immotop.lu/annonces/453449/
1820,https://www.immotop.lu/annonces/272615/
1821,https://www.immotop.lu/annonces/422819/
1822,https://www.immotop.lu/annonces/48207/
1823,https://www.immotop.lu/annonces/497837/
1824,https://www.immotop.lu/annonces/428993/
1825,https://www.immotop.lu/annonces/401293/
1826,https://www.immotop.lu/annonces/164641/
1827,https://www.immotop.lu/annonces/437813/
1828,https://www.immotop.lu/annonces/272689/
1829,https://www.immotop.lu/annonces/441523/
1830,https://www.immotop.lu/annonces/485783/
1831,https://www.immotop.lu/annonces/197805/
1832,https://www.immotop.lu/annonces/199037/
1833,https://www.immotop.lu/annonces/487269/
1834,https://www.immotop.lu/annonces/448969/
1835,https://www.immotop.lu/annonces/257451/
1836,https://www.immotop.lu/annonces/443151/
1837,https://www.immotop.lu/annonces/484259/
1838,https://www.immotop.lu/annonces/498981/
1839,https://www.immotop.lu/annonces/404235/
1840,https://www.immotop.lu/annonces/473369/
1841,https://www.immotop.lu/annonces/332645/
1842,https://www.immotop.lu/annonces/481747/
1843,https://www.immotop.lu/annonces/497825/
1844,https://www.immotop.lu/annonces/497827/
1845,https://www.immotop.lu/annonces/497483/
1846,https://www.immotop.lu/annonces/497477/
1847,https://www.immotop.lu/annonces/497509/
1848,https://www.immotop.lu/annonces/497519/
1849,https://www.immotop.lu/annonces/497521/
1850,https://www.immotop.lu/annonces/204109/
1851,https://www.immotop.lu/annonces/497717/
1852,https://www.immotop.lu/annonces/377501/
1853,https://www.immotop.lu/annonces/377491/
1854,https://www.immotop.lu/annonces/197589/
1855,https://www.immotop.lu/annonces/159467/
1856,https://www.immotop.lu/annonces/194079/
1857,https://www.immotop.lu/annonces/494951/
1858,https://www.immotop.lu/annonces/321653/
1859,https://www.immotop.lu/annonces/211429/
1860,https://www.immotop.lu/annonces/150229/
1861,https://www.immotop.lu/annonces/456699/
1862,https://www.immotop.lu/annonces/449127/
1863,https://www.immotop.lu/annonces/470059/
1864,https://www.immotop.lu/annonces/474589/
1865,https://www.immotop.lu/annonces/206257/
1866,https://www.immotop.lu/annonces/153961/
1867,https://www.immotop.lu/annonces/359373/
1868,https://www.immotop.lu/annonces/169609/
1869,https://www.immotop.lu/annonces/52617/
1870,https://www.immotop.lu/annonces/32263/
1871,https://www.immotop.lu/annonces/406087/
1872,https://www.immotop.lu/annonces/493903/
1873,https://www.immotop.lu/annonces/13133/
1874,https://www.immotop.lu/annonces/273295/
1875,https://www.immotop.lu/annonces/162175/
1876,https://www.immotop.lu/annonces/338011/
1877,https://www.immotop.lu/annonces/149565/
1878,https://www.immotop.lu/annonces/275919/
1879,https://www.immotop.lu/annonces/478665/
1880,https://www.immotop.lu/annonces/478655/
1881,https://www.immotop.lu/annonces/446259/
1882,https://www.immotop.lu/annonces/486819/
1883,https://www.immotop.lu/annonces/478667/
1884,https://www.immotop.lu/annonces/318117/
1885,https://www.immotop.lu/annonces/474711/
1886,https://www.immotop.lu/annonces/382347/
1887,https://www.immotop.lu/annonces/440451/
1888,https://www.immotop.lu/annonces/396687/
1889,https://www.immotop.lu/annonces/368609/
1890,https://www.immotop.lu/annonces/437611/
1891,https://www.immotop.lu/annonces/472089/
1892,https://www.immotop.lu/annonces/486381/
1893,https://www.immotop.lu/annonces/486447/
1894,https://www.immotop.lu/annonces/474213/
1895,https://www.immotop.lu/annonces/461659/
1896,https://www.immotop.lu/annonces/121329/
1897,https://www.immotop.lu/annonces/193605/
1898,https://www.immotop.lu/annonces/196781/
1899,https://www.immotop.lu/annonces/121327/
1900,https://www.immotop.lu/annonces/200131/
1901,https://www.immotop.lu/annonces/5297/
1902,https://www.immotop.lu/annonces/496189/
1903,https://www.immotop.lu/annonces/350781/
1904,https://www.immotop.lu/annonces/495019/
1905,https://www.immotop.lu/annonces/495005/
1906,https://www.immotop.lu/annonces/453835/
1907,https://www.immotop.lu/annonces/490475/
1908,https://www.immotop.lu/annonces/196681/
1909,https://www.immotop.lu/annonces/304633/
1910,https://www.immotop.lu/annonces/173183/
1911,https://www.immotop.lu/annonces/424145/
1912,https://www.immotop.lu/annonces/489085/
1913,https://www.immotop.lu/annonces/459871/
1914,https://www.immotop.lu/annonces/194735/
1915,https://www.immotop.lu/annonces/194443/
1916,https://www.immotop.lu/annonces/194429/
1917,https://www.immotop.lu/annonces/194479/
1918,https://www.immotop.lu/annonces/194661/
1919,https://www.immotop.lu/annonces/404419/
1920,https://www.immotop.lu/annonces/471805/
1921,https://www.immotop.lu/annonces/433115/
1922,https://www.immotop.lu/annonces/454785/
1923,https://www.immotop.lu/annonces/471817/
1924,https://www.immotop.lu/annonces/452365/
1925,https://www.immotop.lu/annonces/459603/
1926,https://www.immotop.lu/annonces/447827/
1927,https://www.immotop.lu/annonces/471863/
1928,https://www.immotop.lu/annonces/448743/
1929,https://www.immotop.lu/annonces/471819/
1930,https://www.immotop.lu/annonces/435099/
1931,https://www.immotop.lu/annonces/346413/
1932,https://www.immotop.lu/annonces/433523/
1933,https://www.immotop.lu/annonces/461681/
1934,https://www.immotop.lu/annonces/302501/
1935,https://www.immotop.lu/annonces/164181/
1936,https://www.immotop.lu/annonces/446187/
1937,https://www.immotop.lu/annonces/489569/
1938,https://www.immotop.lu/annonces/490519/
1939,https://www.immotop.lu/annonces/486135/
1940,https://www.immotop.lu/annonces/207101/
1941,https://www.immotop.lu/annonces/155957/
1942,https://www.immotop.lu/annonces/195977/
1943,https://www.immotop.lu/annonces/396909/
1944,https://www.immotop.lu/annonces/489863/
1945,https://www.immotop.lu/annonces/328785/
1946,https://www.immotop.lu/annonces/486753/
1947,https://www.immotop.lu/annonces/342477/
1948,https://www.immotop.lu/annonces/244995/
1949,https://www.immotop.lu/annonces/486123/
1950,https://www.immotop.lu/annonces/173453/
1951,https://www.immotop.lu/annonces/106711/
1952,https://www.immotop.lu/annonces/133761/
1953,https://www.immotop.lu/annonces/69023/
1954,https://www.immotop.lu/annonces/80497/
1955,https://www.immotop.lu/annonces/437771/
1956,https://www.immotop.lu/annonces/482323/
1957,https://www.immotop.lu/annonces/461979/
1958,https://www.immotop.lu/annonces/481657/
1959,https://www.immotop.lu/annonces/485873/
1960,https://www.immotop.lu/annonces/485743/
1961,https://www.immotop.lu/annonces/485741/
1962,https://www.immotop.lu/annonces/459681/
1963,https://www.immotop.lu/annonces/482619/
1964,https://www.immotop.lu/annonces/436569/
1965,https://www.immotop.lu/annonces/410631/
1966,https://www.immotop.lu/annonces/476911/
1967,https://www.immotop.lu/annonces/483835/
1968,https://www.immotop.lu/annonces/165379/
1969,https://www.immotop.lu/annonces/483399/
1970,https://www.immotop.lu/annonces/313555/
1971,https://www.immotop.lu/annonces/436247/
1972,https://www.immotop.lu/annonces/368811/
1973,https://www.immotop.lu/annonces/147449/
1974,https://www.immotop.lu/annonces/506967/
1975,https://www.immotop.lu/annonces/324303/
1976,https://www.immotop.lu/annonces/422633/
1977,https://www.immotop.lu/annonces/299883/
1978,https://www.immotop.lu/annonces/242109/
1979,https://www.immotop.lu/annonces/275861/
1980,https://www.immotop.lu/annonces/347695/
1981,https://www.immotop.lu/annonces/346489/
1982,https://www.immotop.lu/annonces/172437/
1983,https://www.immotop.lu/annonces/169743/
1984,https://www.immotop.lu/annonces/470351/
1985,https://www.immotop.lu/annonces/423503/
1986,https://www.immotop.lu/annonces/466091/
1987,https://www.immotop.lu/annonces/481429/
1988,https://www.immotop.lu/annonces/35789/
1989,https://www.immotop.lu/annonces/8607/
1990,https://www.immotop.lu/annonces/66073/
1991,https://www.immotop.lu/annonces/48427/
1992,https://www.immotop.lu/annonces/208081/
1993,https://www.immotop.lu/annonces/245091/
1994,https://www.immotop.lu/annonces/481355/
1995,https://www.immotop.lu/annonces/121935/
1996,https://www.immotop.lu/annonces/345251/
1997,https://www.immotop.lu/annonces/451917/
1998,https://www.immotop.lu/annonces/456749/
1999,https://www.immotop.lu/annonces/306487/
